date,store_id,product_id,price,discount,advertising_spend,seasonality,weekend,holiday,competitor_price,inventory_level,customer_rating,sales_quantity
2023-01-01,7,187,48.78,6.62,4470.28,1,1,0,55.870000000000005,81,4.3,109
2023-01-02,4,186,90.7,22.02,1599.65,0,0,0,93.31,61,1.2,16
2023-01-03,8,158,16.42,22.88,2804.2,1,1,0,21.360000000000003,286,3.4,107
2023-01-04,5,171,95.92,27.88,3968.11,0,0,0,90.11,499,2.5,46
2023-01-05,7,153,68.92,0.92,2139.47,0,1,0,69.66,41,4.2,61
2023-01-06,3,166,44.21,26.16,923.78,1,0,0,48.95,11,4.5,47
2023-01-07,7,150,27.74,15.82,2427.26,0,0,0,30.29,320,4.4,65
2023-01-08,8,196,53.13,18.98,370.59,1,0,0,52.56,233,4.1,41
2023-01-09,5,191,27.51,19.33,4717.68,0,1,0,36.71,328,2.1,99
2023-01-10,4,107,24.97,24.59,466.62,0,1,0,28.49,130,4.2,57
2023-01-11,8,133,65.56,10.0,2248.44,0,1,0,73.72,114,3.1,60
2023-01-12,8,134,57.08,21.99,2696.42,1,1,0,61.68,217,1.2,89
2023-01-13,3,195,70.31,15.86,4927.99,1,0,0,75.02,136,2.8,85
2023-01-14,6,187,93.66,23.8,913.51,0,0,0,85.25999999999999,105,4.8,5
2023-01-15,5,177,57.9,29.72,660.71,1,0,0,55.089999999999996,178,4.6,37
2023-01-16,2,131,62.28,6.02,142.66,0,1,0,69.45,15,1.4,30
2023-01-17,8,145,18.07,29.84,862.3,1,0,0,12.72,471,4.0,58
2023-01-18,6,115,74.59,2.69,1115.64,1,1,0,66.9,241,4.2,66
2023-01-19,2,167,45.99,0.07,3189.85,0,1,1,42.510000000000005,333,2.1,100
2023-01-20,5,136,97.91,1.32,1176.56,0,1,0,92.32,380,2.9,36
2023-01-21,1,153,84.09,10.25,200.55,0,1,0,92.60000000000001,386,3.8,24
2023-01-22,6,184,57.02,18.99,4150.43,0,1,0,64.38000000000001,225,2.8,74
2023-01-23,9,113,21.09,2.07,1891.42,0,0,0,21.08,480,1.5,56
2023-01-24,1,194,87.35,0.17,1833.11,1,1,0,78.58,241,3.8,54
2023-01-25,3,154,81.98,28.11,1582.15,1,1,0,86.27000000000001,407,4.6,42
2023-01-26,7,147,26.61,24.66,4879.33,0,0,0,29.08,456,3.6,77
2023-01-27,4,181,36.58,24.28,933.57,0,1,1,45.989999999999995,140,4.1,78
2023-01-28,9,106,81.41,26.53,4501.37,0,1,0,82.59,385,2.4,70
2023-01-29,3,173,26.67,21.0,3906.34,1,0,0,23.400000000000002,198,1.7,95
2023-01-30,5,106,92.6,3.13,474.75,0,0,0,92.97999999999999,111,3.6,17
2023-01-31,3,132,48.21,11.97,4934.97,0,0,0,57.8,126,2.3,79
2023-02-01,7,122,17.83,21.69,1429.69,1,1,0,21.759999999999998,20,4.4,81
2023-02-02,5,184,83.42,8.41,583.06,1,0,0,86.86,146,1.5,42
2023-02-03,9,118,43.62,20.62,4163.64,1,0,0,38.43,88,2.7,93
2023-02-04,7,118,57.38,0.73,3562.71,1,0,0,62.25,302,2.6,88
2023-02-05,2,135,20.11,9.18,3124.37,0,1,0,25.119999999999997,405,4.8,78
2023-02-06,4,128,10.23,16.47,864.31,1,0,0,6.58,202,1.6,77
2023-02-07,9,159,67.42,18.96,2444.63,1,1,0,67.09,416,1.0,69
2023-02-08,2,181,56.37,17.31,3924.72,0,1,0,52.26,415,2.0,72
2023-02-09,9,101,63.42,20.93,1587.76,0,0,1,58.59,447,4.3,62
2023-02-10,5,100,81.44,0.18,1627.28,0,1,0,71.96,84,1.8,51
2023-02-11,2,146,68.19,3.03,115.39,1,1,0,63.89,166,2.0,62
2023-02-12,4,168,25.73,26.07,953.79,0,0,0,26.810000000000002,383,1.5,41
2023-02-13,7,119,42.47,20.45,4389.49,1,1,1,32.5,467,3.9,129
2023-02-14,8,110,91.53,3.39,2264.56,1,0,0,87.19,71,1.3,48
2023-02-15,3,101,79.3,25.26,4922.75,1,1,0,86.92999999999999,297,2.3,82
2023-02-16,1,166,60.1,7.27,2038.97,0,1,0,61.97,484,2.1,60
2023-02-17,4,186,33.01,14.35,3604.41,1,0,0,35.17,8,3.2,89
2023-02-18,2,111,37.19,4.36,1481.4,0,0,0,35.26,280,3.9,50
2023-02-19,8,119,75.88,21.3,1882.67,0,1,0,79.41,472,3.1,40
2023-02-20,4,104,86.61,20.01,1034.56,0,1,0,80.41,480,4.7,16
2023-02-21,2,136,70.43,6.33,1800.61,1,0,1,76.80000000000001,257,4.8,87
2023-02-22,6,137,82.86,25.9,2781.46,1,1,0,75.19,274,2.4,61
2023-02-23,6,193,79.0,12.04,4959.69,1,1,0,82.12,237,4.1,92
2023-02-24,4,108,23.47,8.78,3354.59,0,1,0,20.29,19,4.0,93
2023-02-25,6,197,48.16,4.57,1076.31,1,1,0,53.11,489,4.6,66
2023-02-26,2,152,23.77,7.99,320.31,1,0,0,24.77,232,2.8,54
2023-02-27,2,143,31.17,0.66,719.15,1,0,0,30.220000000000002,489,3.1,70
2023-02-28,4,198,88.23,17.5,2856.52,1,0,0,81.62,220,2.7,54
2023-03-01,8,185,52.56,25.27,3849.29,1,0,0,55.300000000000004,325,4.4,78
2023-03-02,7,123,58.18,16.47,4708.05,0,0,0,67.68,16,1.9,58
2023-03-03,9,180,26.06,6.58,177.53,0,0,0,32.57,379,2.0,44
2023-03-04,8,173,38.1,1.01,2661.52,0,1,0,29.3,88,2.5,72
2023-03-05,5,129,30.72,6.44,2407.25,0,0,0,28.24,485,1.9,64
2023-03-06,2,158,28.56,12.48,3314.67,1,1,0,37.07,195,3.2,110
2023-03-07,5,186,67.42,22.79,2841.94,0,1,0,67.48,349,1.5,51
2023-03-08,8,195,33.12,5.64,3466.49,1,1,0,36.36,83,2.3,96
2023-03-09,9,180,66.88,21.59,3324.6,0,0,0,75.13,386,4.7,47
2023-03-10,9,180,15.26,26.01,673.36,0,1,0,22.740000000000002,86,2.6,62
2023-03-11,1,113,22.76,13.62,4018.62,0,0,0,22.8,306,4.0,70
2023-03-12,9,108,34.71,24.64,703.84,1,1,0,33.46,337,1.5,75
2023-03-13,7,139,63.73,16.64,3522.8,1,1,0,60.519999999999996,153,2.0,82
2023-03-14,9,165,70.83,19.11,2139.11,0,0,0,75.21,439,4.2,39
2023-03-15,8,124,49.84,15.79,2617.87,1,1,0,45.580000000000005,227,4.1,89
2023-03-16,1,172,50.12,13.9,4526.16,0,1,1,45.12,447,2.5,114
2023-03-17,8,121,75.21,7.04,4460.43,0,1,0,72.33,263,4.8,67
2023-03-18,8,103,11.42,9.1,4107.5,0,1,0,4.96,464,4.6,102
2023-03-19,3,125,40.7,8.7,2599.73,1,0,1,44.6,222,4.8,112
2023-03-20,1,157,83.68,16.9,3707.58,0,1,0,86.0,420,2.7,52
2023-03-21,8,128,64.29,3.6,2613.2,0,1,1,63.95,492,1.8,85
2023-03-22,3,197,40.35,27.5,4361.07,0,0,1,38.160000000000004,120,3.5,92
2023-03-23,3,186,91.5,21.62,2073.6,1,1,0,99.68,480,3.7,47
2023-03-24,1,136,79.54,12.04,4854.15,0,1,0,70.12,410,1.5,72
2023-03-25,5,174,33.84,4.76,4668.38,1,1,0,39.220000000000006,172,4.1,113
2023-03-26,7,169,68.08,26.46,3733.85,0,1,0,76.12,3,1.1,62
2023-03-27,9,117,63.62,24.71,1469.14,1,0,0,62.55,341,2.9,53
2023-03-28,7,184,46.11,21.65,745.1,0,1,0,47.12,127,2.3,38
2023-03-29,9,141,43.03,8.15,4288.05,0,0,0,51.92,473,4.0,76
2023-03-30,8,199,40.92,12.07,909.98,1,1,0,35.17,479,2.3,77
2023-03-31,2,140,65.54,3.08,4285.88,1,1,0,65.94000000000001,471,4.3,85
2023-04-01,1,137,49.82,5.67,2504.75,0,1,0,49.31,109,3.4,61
2023-04-02,7,133,84.87,23.49,2092.13,1,0,0,80.04,354,4.2,36
2023-04-03,7,116,70.26,21.45,4525.63,0,1,0,76.63000000000001,36,5.0,69
2023-04-04,8,136,16.29,17.8,3058.87,0,1,1,24.28,479,3.7,121
2023-04-05,5,124,67.62,26.87,2925.41,0,0,1,73.26,70,4.9,67
2023-04-06,3,175,34.4,17.5,2837.95,1,0,0,28.31,288,1.1,79
2023-04-07,8,186,63.35,14.01,1918.73,0,0,0,55.08,30,2.4,42
2023-04-08,6,185,71.21,10.21,3949.65,1,0,0,73.32,438,1.4,69
2023-04-09,3,184,30.77,28.21,1338.71,0,1,0,21.91,380,2.0,64
2023-04-10,1,126,51.12,2.48,4700.59,1,1,0,54.58,267,4.4,96
2023-04-11,3,156,27.13,27.93,4480.53,1,1,0,27.74,10,1.1,119
2023-04-12,5,130,14.71,24.8,1753.65,0,1,1,17.97,343,3.1,101
2023-04-13,3,105,44.06,3.9,3674.37,1,0,0,45.86,327,3.3,94
2023-04-14,1,190,42.66,16.95,2908.79,0,1,0,41.11,31,3.2,67
2023-04-15,5,139,99.59,26.0,1754.48,0,1,0,93.61,56,2.9,29
2023-04-16,7,197,50.17,17.15,4943.76,0,1,0,46.28,165,4.2,89
2023-04-17,7,111,40.02,27.22,223.66,0,1,0,40.510000000000005,187,1.5,36
2023-04-18,9,152,62.24,28.29,1337.97,0,0,0,65.28,341,2.2,34
2023-04-19,3,170,17.99,12.67,2648.36,1,1,0,23.58,481,3.5,97
2023-04-20,7,109,96.55,11.32,2657.57,0,1,0,101.89,18,3.8,43
2023-04-21,1,144,67.15,28.09,2985.77,1,1,0,76.60000000000001,115,2.6,66
2023-04-22,4,116,77.94,20.25,3783.21,1,0,0,73.66,467,4.5,58
2023-04-23,4,125,25.34,3.48,3155.04,0,0,0,16.759999999999998,183,2.7,74
2023-04-24,5,184,46.85,1.27,3041.38,1,1,0,43.760000000000005,269,2.6,96
2023-04-25,7,191,48.04,16.94,362.22,0,1,0,52.91,32,1.1,45
2023-04-26,7,161,83.96,27.91,1945.0,1,1,0,82.72,9,3.2,61
2023-04-27,4,145,10.11,25.33,1237.07,1,0,0,16.47,79,3.8,80
2023-04-28,7,163,37.08,20.28,1400.31,1,1,0,38.07,191,1.5,86
2023-04-29,3,101,98.31,4.17,2816.25,0,1,0,106.91,319,2.2,54
2023-04-30,6,153,52.74,7.63,1077.58,1,1,0,61.7,189,4.1,61
2023-05-01,2,164,44.43,26.27,1540.35,0,0,0,35.82,67,2.5,33
2023-05-02,9,150,20.78,5.48,1261.72,1,1,1,19.91,474,2.0,124
2023-05-03,5,152,97.67,8.35,4747.66,1,1,0,99.86,347,3.7,92
2023-05-04,6,135,11.8,3.89,4728.86,1,0,0,6.920000000000001,124,1.8,115
2023-05-05,4,125,76.35,20.28,3088.71,1,0,0,74.49,426,4.6,59
2023-05-06,7,128,79.17,28.32,4630.16,0,1,0,82.72,335,1.4,59
2023-05-07,9,120,31.93,8.07,3950.48,0,0,0,26.46,58,3.8,73
2023-05-08,7,110,70.44,14.26,2990.74,1,1,1,72.48,435,3.0,115
2023-05-09,1,139,18.36,19.03,131.53,1,0,0,22.31,96,4.5,61
2023-05-10,1,110,33.13,29.98,3885.33,0,0,0,24.940000000000005,495,1.5,76
2023-05-11,9,135,80.91,3.14,3542.19,0,1,1,80.86,274,3.7,88
2023-05-12,9,158,87.82,14.96,3114.74,0,1,1,83.08,148,3.3,79
2023-05-13,4,138,64.76,11.55,3826.08,0,1,0,69.25,277,2.9,70
2023-05-14,9,198,55.62,25.97,2613.32,1,0,0,49.41,264,3.0,57
2023-05-15,3,153,24.34,14.28,3550.01,1,1,0,32.18,8,3.9,104
2023-05-16,7,197,15.68,3.33,4682.34,0,1,0,14.3,456,4.8,110
2023-05-17,6,154,20.59,19.03,1941.44,0,1,0,14.55,282,1.4,69
2023-05-18,8,123,30.46,23.12,3569.8,0,1,0,29.220000000000002,272,1.1,77
2023-05-19,9,121,40.75,0.09,2430.87,0,1,0,38.92,427,4.2,67
2023-05-20,5,168,44.28,25.77,3404.56,0,0,0,42.86,300,1.4,58
2023-05-21,1,155,41.17,5.58,3838.18,0,1,0,42.88,7,4.9,75
2023-05-22,3,132,31.51,16.56,322.72,1,1,0,31.930000000000003,207,3.5,60
2023-05-23,8,135,55.88,12.47,3268.34,1,0,0,48.88,401,3.6,64
2023-05-24,6,119,84.28,21.59,1211.03,1,1,0,75.59,124,1.8,50
2023-05-25,8,182,35.17,11.13,3383.16,0,1,0,39.760000000000005,122,2.0,89
2023-05-26,9,198,94.81,26.09,2394.82,0,1,0,96.0,32,3.6,34
2023-05-27,4,180,88.6,21.91,3890.41,0,1,0,85.78,0,4.6,54
2023-05-28,1,161,24.56,19.43,704.66,1,1,0,30.729999999999997,203,4.9,64
2023-05-29,1,197,80.76,23.89,3168.98,0,0,0,78.52000000000001,5,1.8,38
2023-05-30,4,172,61.71,22.62,1464.51,0,0,0,67.63,296,1.5,42
2023-05-31,7,125,60.99,1.08,4279.61,1,0,0,57.11,438,1.2,79
2023-06-01,2,165,45.19,11.84,4649.08,0,1,0,36.65,4,4.5,78
2023-06-02,3,172,55.1,27.92,4982.35,1,0,0,63.75,442,2.2,90
2023-06-03,1,172,45.75,3.77,4000.44,1,1,0,43.64,79,1.0,109
2023-06-04,5,139,58.58,22.11,3793.3,0,1,0,64.42999999999999,273,1.9,72
2023-06-05,1,116,66.52,29.24,1155.95,1,1,0,62.099999999999994,176,2.4,57
2023-06-06,8,100,70.69,1.57,1746.43,0,0,1,73.62,337,5.0,65
2023-06-07,1,188,57.92,20.47,2381.84,1,0,0,65.39,320,3.1,55
2023-06-08,1,160,74.93,14.04,3889.57,0,0,0,65.76,338,1.8,59
2023-06-09,2,142,22.72,17.38,4583.33,1,1,0,29.33,437,2.3,113
2023-06-10,2,141,29.08,2.56,1026.78,0,0,0,30.509999999999998,444,2.3,41
2023-06-11,6,124,83.69,1.29,4619.6,1,1,1,85.84,135,1.1,124
2023-06-12,7,138,39.03,20.01,3508.56,1,0,0,39.49,386,1.5,80
2023-06-13,5,134,12.06,24.7,3092.78,1,0,0,19.55,24,3.8,96
2023-06-14,1,102,23.84,23.46,1079.22,0,1,0,14.709999999999999,324,1.5,66
2023-06-15,1,143,30.13,16.31,372.07,0,1,0,25.349999999999998,182,1.9,62
2023-06-16,3,150,96.16,3.0,2885.48,1,0,0,103.67999999999999,167,2.4,57
2023-06-17,2,193,61.57,20.64,3292.43,0,0,0,66.62,466,4.0,44
2023-06-18,5,197,93.95,7.26,1132.83,1,0,0,84.3,337,3.3,41
2023-06-19,6,111,61.76,27.33,2826.64,0,1,0,62.1,177,3.8,47
2023-06-20,7,118,53.14,25.15,4296.82,1,1,1,53.730000000000004,372,3.3,125
2023-06-21,4,143,38.24,21.28,4191.82,0,0,1,36.260000000000005,94,3.7,104
2023-06-22,7,158,64.57,28.47,4644.04,1,0,0,60.519999999999996,32,1.0,82
2023-06-23,8,148,22.53,0.94,1892.84,1,1,0,26.16,110,4.7,89
2023-06-24,1,160,90.84,22.09,1658.44,1,0,0,85.0,145,1.4,31
2023-06-25,6,116,84.64,9.91,3772.19,1,1,0,90.62,380,2.6,83
2023-06-26,8,173,38.58,27.18,2212.45,0,1,0,44.64,440,4.1,53
2023-06-27,5,156,95.75,8.0,528.99,1,1,0,94.06,230,2.7,40
2023-06-28,4,154,84.27,21.75,1485.73,0,1,0,79.94,271,4.8,33
2023-06-29,2,146,69.97,26.33,2151.05,0,1,0,65.65,335,2.9,40
2023-06-30,6,111,20.96,1.25,1533.33,1,1,0,20.61,494,4.5,90
2023-07-01,6,161,53.04,11.93,1727.81,0,0,1,57.43,37,4.2,74
2023-07-02,1,179,55.55,22.87,1539.5,0,1,1,52.73,424,4.9,69
2023-07-03,9,187,30.93,13.65,303.35,0,1,0,33.13,134,4.7,57
2023-07-04,6,182,17.2,8.02,3221.76,1,0,0,14.85,333,4.6,83
2023-07-05,3,107,79.91,6.59,3026.73,0,1,1,76.0,234,3.9,79
2023-07-06,4,194,20.98,3.95,3301.58,0,0,1,11.48,436,2.5,110
2023-07-07,4,120,63.49,25.71,1042.32,1,1,0,53.57,318,1.4,70
2023-07-08,3,180,94.28,17.26,1548.71,1,0,0,88.82000000000001,367,3.8,39
2023-07-09,3,186,88.85,2.29,3136.12,0,0,0,86.97999999999999,344,4.9,33
2023-07-10,3,179,35.0,11.48,3038.18,1,1,0,42.03,159,3.9,98
2023-07-11,4,169,86.63,11.03,2581.02,0,1,0,92.6,37,4.7,49
2023-07-12,7,171,10.03,5.45,1817.02,0,1,0,5.369999999999999,149,4.2,69
2023-07-13,4,124,11.59,13.07,4573.36,0,1,1,6.4799999999999995,399,1.7,127
2023-07-14,9,181,64.23,9.96,1764.87,1,0,0,58.78,307,2.0,56
2023-07-15,1,188,42.83,10.25,2332.53,0,0,0,39.61,28,2.4,51
2023-07-16,8,111,44.78,22.17,3422.76,1,0,0,44.74,143,1.7,87
2023-07-17,7,114,60.8,6.7,2760.81,1,1,0,59.57,75,3.3,74
2023-07-18,2,158,27.26,19.26,1799.74,0,0,0,21.630000000000003,144,4.9,46
2023-07-19,8,125,29.06,17.12,2234.66,1,1,0,21.669999999999998,228,4.0,97
2023-07-20,1,125,53.61,17.04,3992.96,1,1,0,43.86,63,2.7,99
2023-07-21,9,146,77.88,19.89,1462.83,1,0,0,70.96,346,1.0,41
2023-07-22,9,131,65.75,16.45,797.05,1,1,0,69.86,344,2.3,58
2023-07-23,2,109,36.76,26.38,1634.5,1,0,0,31.63,268,3.1,64
2023-07-24,7,115,48.73,20.27,4262.72,0,1,0,48.099999999999994,327,2.3,71
2023-07-25,3,170,25.36,16.41,536.05,1,0,0,27.189999999999998,183,1.4,68
2023-07-26,7,116,16.72,24.89,4959.31,0,1,0,24.46,260,2.8,95
2023-07-27,9,122,80.44,18.18,2750.91,0,0,0,88.22,267,2.0,30
2023-07-28,4,125,33.88,8.73,4925.74,0,0,0,38.790000000000006,168,4.6,89
2023-07-29,1,184,26.0,6.21,4701.08,0,1,0,16.7,258,1.4,103
2023-07-30,2,185,72.25,4.57,2318.79,0,1,0,73.75,226,1.2,53
2023-07-31,1,106,65.62,26.98,1072.61,0,0,0,71.35000000000001,32,1.0,27
2023-08-01,5,113,66.99,21.3,907.94,1,1,0,57.339999999999996,376,2.3,67
2023-08-02,5,178,30.6,28.12,1275.95,1,1,0,31.59,213,3.6,80
2023-08-03,7,106,30.94,18.1,3579.65,1,1,0,38.1,49,3.9,93
2023-08-04,9,108,29.87,14.2,1437.45,0,0,0,29.35,439,2.8,52
2023-08-05,9,147,25.64,1.79,1772.98,1,0,0,15.72,491,3.7,66
2023-08-06,3,171,69.02,20.15,2299.02,1,1,0,59.239999999999995,392,2.4,70
2023-08-07,3,158,86.32,17.47,4574.84,1,1,0,84.64999999999999,488,3.7,88
2023-08-08,3,186,75.19,29.71,1028.03,0,0,0,68.28999999999999,209,1.2,16
2023-08-09,4,192,81.29,7.17,124.63,1,1,0,84.58000000000001,433,2.6,41
2023-08-10,8,181,46.43,15.92,394.47,0,0,0,50.61,28,4.2,30
2023-08-11,6,194,68.87,19.53,4533.36,1,1,0,62.43000000000001,38,4.2,95
2023-08-12,8,193,41.88,19.34,3272.83,0,1,0,49.650000000000006,346,3.9,75
2023-08-13,1,138,57.3,16.84,1437.9,0,1,0,56.14,99,1.8,43
2023-08-14,8,198,53.35,23.31,968.24,0,0,0,46.21,172,2.0,37
2023-08-15,4,117,25.92,6.15,1541.91,1,0,0,31.21,16,5.0,73
2023-08-16,1,158,44.84,21.77,662.5,1,0,0,50.64,55,1.4,61
2023-08-17,8,116,96.74,18.59,4713.51,0,0,0,99.53,225,1.7,41
2023-08-18,4,113,32.37,26.88,3942.61,1,1,0,39.44,45,1.5,114
2023-08-19,6,130,22.04,25.42,2365.72,0,1,0,26.79,66,2.3,66
2023-08-20,8,123,47.67,9.45,4338.32,0,0,0,55.31,196,1.8,73
2023-08-21,4,198,81.13,8.29,1322.35,1,1,0,79.81,141,3.0,52
2023-08-22,3,159,62.39,29.45,3613.89,1,1,0,67.34,322,2.9,83
2023-08-23,9,144,71.29,15.82,4295.05,1,0,0,81.29,22,4.6,70
2023-08-24,3,197,27.07,27.19,1848.17,0,1,0,31.57,486,1.1,58
2023-08-25,9,102,65.71,4.92,3811.58,0,1,0,57.989999999999995,93,2.3,76
2023-08-26,2,136,39.12,19.28,1545.85,1,0,0,39.489999999999995,241,3.4,54
2023-08-27,2,142,85.09,24.3,1564.4,0,1,0,86.84,236,3.4,41
2023-08-28,2,139,66.64,28.42,624.58,1,1,0,60.120000000000005,444,2.9,52
2023-08-29,6,189,27.9,10.12,2256.28,0,1,0,37.16,406,4.3,76
2023-08-30,3,154,15.82,21.75,3675.59,1,0,0,9.33,410,1.3,93
2023-08-31,9,186,13.84,16.16,4707.08,1,0,0,7.39,53,4.3,98
2023-09-01,4,138,43.43,1.82,3058.61,0,1,0,51.730000000000004,137,3.0,85
2023-09-02,1,114,33.93,20.7,4329.36,1,1,0,33.23,472,1.5,106
2023-09-03,4,103,68.15,20.7,4130.22,1,1,0,59.410000000000004,332,4.5,83
2023-09-04,1,192,54.94,27.92,949.38,0,0,0,56.9,271,3.6,27
2023-09-05,5,185,33.94,14.92,2480.51,1,0,0,35.98,40,1.7,80
2023-09-06,4,124,23.43,6.91,672.93,0,0,1,14.719999999999999,97,1.1,79
2023-09-07,8,112,21.45,1.34,3442.55,1,1,1,30.9,182,1.6,137
2023-09-08,8,181,87.82,12.47,4754.51,0,1,0,88.69999999999999,127,3.4,60
2023-09-09,7,132,31.91,9.06,771.74,1,1,0,33.11,228,1.7,70
2023-09-10,3,115,68.65,22.83,3696.03,1,1,0,69.05000000000001,316,1.9,88
2023-09-11,1,141,82.96,10.63,3197.97,1,1,0,85.16999999999999,85,1.1,72
2023-09-12,1,165,65.27,28.47,2959.66,1,0,0,60.559999999999995,255,3.9,59
2023-09-13,3,154,87.36,28.87,2011.59,0,1,0,83.1,208,4.2,41
2023-09-14,6,198,45.32,18.63,1840.15,0,1,0,45.55,214,4.2,56
2023-09-15,7,141,96.06,27.86,321.72,0,1,0,102.19,373,1.5,18
2023-09-16,6,133,21.98,22.83,1167.75,0,0,0,12.98,99,4.6,43
2023-09-17,6,129,19.19,16.41,174.37,0,1,0,21.26,48,3.7,49
2023-09-18,6,112,69.28,5.41,2948.94,0,0,0,75.42,200,4.6,44
2023-09-19,3,112,94.85,13.76,618.68,0,0,0,87.99,435,2.8,6
2023-09-20,6,117,82.8,16.83,4377.8,1,0,0,73.1,257,2.7,70
2023-09-21,8,131,16.88,25.92,2663.4,1,0,0,13.129999999999999,479,4.1,73
2023-09-22,2,195,35.14,14.44,3528.48,1,0,0,36.9,375,1.4,82
2023-09-23,5,198,93.73,26.93,2113.2,1,1,1,86.5,177,3.1,93
2023-09-24,1,138,32.78,20.23,2846.84,0,1,1,31.3,244,4.3,106
2023-09-25,1,145,80.31,4.11,4719.03,0,0,0,81.36,122,4.3,49
2023-09-26,5,128,84.26,29.85,505.4,0,0,0,86.24000000000001,341,4.8,2
2023-09-27,3,161,54.59,15.82,1344.3,1,0,0,50.080000000000005,170,3.8,53
2023-09-28,4,192,44.77,11.76,3921.94,0,1,0,42.77,332,1.8,81
2023-09-29,3,161,50.51,19.77,583.81,1,1,1,56.08,135,1.1,91
2023-09-30,1,156,30.43,3.27,470.74,0,0,0,39.25,58,2.9,51
2023-10-01,1,115,90.05,19.1,1871.55,0,1,0,97.28999999999999,192,3.1,36
2023-10-02,5,155,50.56,14.95,551.62,0,1,0,51.85,464,2.0,47
2023-10-03,6,109,89.42,12.2,2966.88,0,0,0,87.63,267,1.5,42
2023-10-04,3,129,19.51,28.59,1208.75,1,0,0,16.17,259,3.3,73
2023-10-05,9,124,98.94,15.68,4488.92,1,1,0,91.44,372,4.1,78
2023-10-06,5,183,49.89,6.57,3939.15,0,1,0,42.02,460,5.0,69
2023-10-07,8,104,14.3,13.77,3528.56,1,1,0,18.07,94,4.0,114
2023-10-08,1,164,13.42,27.58,3123.03,0,0,0,8.620000000000001,124,4.2,69
2023-10-09,5,193,77.16,5.28,4330.98,0,0,0,72.25,40,3.5,62
2023-10-10,3,148,69.31,6.42,1193.0,0,0,1,79.27000000000001,378,4.9,58
2023-10-11,1,102,82.19,0.39,4378.23,0,1,0,75.95,253,3.6,64
2023-10-12,4,144,19.48,0.43,3968.51,1,1,0,12.440000000000001,6,4.4,119
2023-10-13,5,113,13.2,24.88,3765.99,0,0,0,5.17,470,4.8,70
2023-10-14,7,129,55.77,21.96,2850.15,0,1,0,57.370000000000005,215,4.7,62
2023-10-15,1,167,44.88,10.65,1306.6,1,0,0,47.440000000000005,68,2.5,66
2023-10-16,3,117,51.58,20.95,2175.38,0,1,0,48.879999999999995,68,1.3,69
2023-10-17,2,161,99.24,11.86,3988.5,1,0,0,99.94999999999999,80,1.7,71
2023-10-18,9,136,97.37,28.59,255.71,0,1,0,103.14,29,1.2,11
2023-10-19,6,124,94.81,29.01,3932.05,0,1,0,101.17,72,1.4,62
2023-10-20,3,147,80.55,11.78,1276.35,0,0,0,89.71,261,1.7,22
2023-10-21,8,164,41.94,25.63,807.12,0,0,0,48.43,88,2.4,28
2023-10-22,8,152,47.09,23.19,666.94,0,0,0,48.39,402,3.2,37
2023-10-23,2,178,59.47,9.3,233.53,0,0,0,53.06,207,3.8,25
2023-10-24,6,172,84.75,6.96,2665.57,1,0,1,76.75,212,1.8,80
2023-10-25,7,114,16.18,13.75,1169.47,0,1,0,7.27,321,3.7,65
2023-10-26,2,148,48.19,23.44,4948.22,1,0,0,51.519999999999996,265,3.8,93
2023-10-27,2,187,17.44,28.81,2914.74,1,0,0,23.590000000000003,399,3.2,89
2023-10-28,1,167,56.32,22.91,775.64,0,0,0,56.49,292,4.6,28
2023-10-29,8,111,90.9,25.66,3474.94,1,0,0,81.99000000000001,206,1.4,65
2023-10-30,1,158,80.42,18.09,4498.94,0,0,0,81.13,332,1.7,55
2023-10-31,9,136,30.51,25.06,3751.38,1,1,0,39.22,76,2.7,108
2023-11-01,6,160,97.84,23.53,474.56,0,0,0,99.79,287,1.5,0
2023-11-02,7,142,70.06,11.31,4489.83,1,0,0,76.25,492,3.3,73
2023-11-03,7,169,10.94,16.56,3990.25,1,0,0,16.939999999999998,46,2.6,106
2023-11-04,3,138,32.99,24.14,875.69,0,1,0,41.63,109,2.1,62
2023-11-05,2,155,33.46,1.38,353.75,1,1,0,38.86,199,1.7,74
2023-11-06,9,162,16.23,24.24,2830.82,0,0,1,21.18,426,2.3,91
2023-11-07,8,145,96.38,5.34,864.58,0,0,0,91.06,209,3.4,7
2023-11-08,7,187,53.04,15.44,4189.5,0,1,0,44.239999999999995,375,3.3,83
2023-11-09,9,110,90.62,24.25,1855.84,0,1,0,90.97,419,1.7,39
2023-11-10,4,161,39.0,7.61,4573.17,0,1,0,31.490000000000002,153,1.5,89
2023-11-11,4,176,21.27,7.37,2871.87,1,0,0,30.509999999999998,9,1.1,91
2023-11-12,1,197,52.69,12.08,995.09,1,0,0,48.489999999999995,414,1.0,50
2023-11-13,8,124,20.26,26.84,784.03,1,1,0,27.32,352,4.5,67
2023-11-14,3,170,53.74,0.01,2924.71,0,0,0,51.49,156,1.2,64
2023-11-15,7,151,92.83,27.04,3833.23,1,1,0,89.28999999999999,260,3.9,76
2023-11-16,2,103,56.87,4.61,3929.38,1,1,0,65.57,76,4.5,99
2023-11-17,2,158,65.48,29.7,1451.21,1,1,0,62.75000000000001,256,1.4,57
2023-11-18,7,171,24.1,28.65,1100.81,1,0,0,21.91,470,2.7,59
2023-11-19,6,119,13.94,14.84,182.11,1,1,0,6.06,487,4.8,80
2023-11-20,3,192,19.97,15.38,3428.08,0,1,0,23.38,130,4.3,78
2023-11-21,9,162,63.87,14.45,475.18,0,0,0,59.65,66,3.0,17
2023-11-22,6,153,18.55,19.06,2161.73,1,1,1,20.26,454,4.1,116
2023-11-23,6,173,43.84,2.72,3048.24,0,0,0,45.67,227,4.3,64
2023-11-24,1,197,59.51,0.98,4691.83,0,1,0,63.89,162,2.4,92
2023-11-25,4,156,44.98,1.73,1627.83,1,0,0,49.879999999999995,14,4.6,63
2023-11-26,6,189,24.73,13.33,1323.88,1,1,0,25.02,231,2.9,83
2023-11-27,6,140,34.64,8.27,3305.38,0,1,0,31.26,194,3.1,74
2023-11-28,5,102,93.55,18.66,3134.27,1,1,0,100.3,348,5.0,66
2023-11-29,1,105,70.84,29.77,1727.34,0,1,0,67.04,29,4.4,31
2023-11-30,8,104,54.64,11.59,4647.7,0,1,0,54.79,358,2.4,86
2023-12-01,5,104,11.14,17.22,4239.83,1,0,0,9.17,337,1.0,108
2023-12-02,5,153,99.32,12.47,1197.51,0,0,0,106.41999999999999,330,3.5,4
2023-12-03,7,146,70.43,25.42,1271.8,0,1,1,69.07000000000001,426,3.8,73
2023-12-04,4,186,38.52,27.07,2610.27,0,1,0,36.24,496,3.6,67
2023-12-05,6,148,89.13,26.32,3890.5,1,1,0,92.92999999999999,315,4.9,72
2023-12-06,4,108,33.26,29.23,315.8,1,0,0,35.309999999999995,485,4.5,50
2023-12-07,3,198,58.96,0.83,3497.34,1,0,0,51.1,295,2.8,86
2023-12-08,7,119,67.25,25.19,3276.36,1,1,0,67.41,448,1.3,73
2023-12-09,8,160,29.9,22.55,1234.25,0,0,0,34.61,412,2.9,49
2023-12-10,4,134,98.06,6.86,3438.63,1,1,1,107.9,329,3.8,104
2023-12-11,2,149,77.34,28.69,4706.9,1,1,0,79.92,219,3.4,81
2023-12-12,3,181,60.2,4.45,329.25,1,1,0,57.61,376,3.2,55
2023-12-13,1,161,26.25,20.39,1666.3,1,0,0,20.77,478,2.9,65
2023-12-14,8,116,14.85,6.75,2247.07,0,1,0,22.31,146,2.2,75
2023-12-15,3,187,38.81,12.94,4506.38,0,1,0,45.1,258,2.1,97
2023-12-16,7,102,77.79,21.57,4815.08,0,1,0,72.47,291,3.0,72
2023-12-17,5,131,34.24,16.9,2276.16,1,0,0,28.25,298,1.6,69
2023-12-18,5,198,58.56,12.83,3775.14,1,0,0,62.86,142,2.4,69
2023-12-19,7,112,75.52,9.79,2705.14,0,0,0,71.82,480,2.3,34
2023-12-20,9,188,19.71,25.19,2735.14,1,1,1,15.84,424,3.3,117
2023-12-21,5,172,71.68,4.31,1462.69,1,0,0,64.73,234,1.3,51
2023-12-22,1,167,18.27,12.9,1163.09,0,1,0,13.55,114,4.3,58
2023-12-23,1,113,96.86,27.11,1511.23,0,0,0,95.41,364,3.2,2
2023-12-24,2,197,53.96,25.38,2826.01,1,1,0,58.620000000000005,89,3.7,81
2023-12-25,6,110,23.56,12.03,242.86,1,0,0,20.29,207,3.8,65
2023-12-26,9,155,40.81,22.89,4545.52,1,1,0,37.38,163,2.2,104
2023-12-27,8,166,47.21,24.69,865.79,0,0,0,42.910000000000004,480,2.9,31
2023-12-28,5,191,78.24,26.67,1178.43,0,0,0,77.80999999999999,83,4.8,7
2023-12-29,1,128,76.91,16.34,2639.55,0,0,0,70.52,76,4.1,28
2023-12-30,7,108,65.07,6.13,3579.56,0,1,0,64.77999999999999,160,4.9,61
2023-12-31,5,166,19.53,7.66,569.07,1,0,0,23.61,4,4.0,65
2024-01-01,6,124,23.64,8.87,1656.7,0,0,0,14.24,484,1.7,48
2024-01-02,7,197,18.44,17.81,4846.51,0,0,0,8.64,77,1.3,89
2024-01-03,3,175,61.95,0.98,1385.48,1,0,1,53.45,90,3.3,94
2024-01-04,3,141,88.94,19.08,1633.95,1,1,0,89.64999999999999,86,2.4,55
2024-01-05,5,108,49.04,10.93,4198.84,1,0,0,56.129999999999995,269,2.1,95
2024-01-06,6,178,24.48,8.86,346.05,0,1,0,14.58,103,4.2,51
2024-01-07,9,139,60.22,26.38,2376.6,1,1,0,68.95,451,2.5,76
2024-01-08,5,124,83.06,13.8,1960.12,1,1,0,75.19,486,2.3,72
2024-01-09,1,104,76.75,2.85,1651.28,0,1,0,83.59,499,4.4,50
2024-01-10,4,110,89.33,24.8,1499.93,0,0,1,88.99,338,4.4,48
2024-01-11,5,158,35.01,1.43,547.73,1,1,0,38.199999999999996,174,2.4,68
2024-01-12,5,197,27.46,21.8,1642.65,0,1,0,27.67,53,4.3,55
2024-01-13,7,187,89.18,23.22,310.96,1,1,0,88.72000000000001,387,4.4,43
2024-01-14,4,178,69.18,10.58,3926.72,1,1,0,75.88000000000001,477,2.7,82
2024-01-15,1,137,37.98,24.74,2051.32,0,0,0,43.099999999999994,210,1.3,56
2024-01-16,5,171,76.81,15.47,2275.13,1,0,0,76.48,94,1.0,62
2024-01-17,7,104,83.36,13.9,4478.61,0,1,0,75.59,222,3.1,62
2024-01-18,6,147,65.35,1.36,3324.47,0,1,0,57.66,8,2.4,78
2024-01-19,5,189,71.91,8.7,139.49,0,1,0,77.94,52,5.0,23
2024-01-20,4,117,43.77,27.93,4721.56,1,0,0,44.36000000000001,76,4.1,94
2024-01-21,2,169,58.48,11.75,1262.01,0,0,1,58.11,205,4.0,64
2024-01-22,4,136,57.17,16.4,627.31,0,0,0,60.78,315,4.8,17
2024-01-23,3,159,86.32,15.96,3863.83,1,0,0,93.5,301,4.6,57
2024-01-24,1,147,85.6,17.71,2552.34,1,0,0,88.17999999999999,309,2.3,56
2024-01-25,8,176,84.94,1.84,2225.48,1,1,0,90.2,329,1.7,74
2024-01-26,5,127,10.99,10.87,1322.57,1,0,1,16.3,111,4.0,110
2024-01-27,4,168,77.46,21.69,2782.61,0,0,0,74.58999999999999,350,2.5,41
2024-01-28,8,176,78.28,6.02,1444.48,0,1,0,73.76,164,2.9,32
2024-01-29,7,180,71.05,6.11,4517.76,0,0,0,77.07,278,3.5,60
2024-01-30,2,139,78.06,0.3,1154.5,1,0,0,75.60000000000001,26,4.6,37
2024-01-31,1,144,85.78,13.12,4433.34,1,0,0,93.85,69,2.7,65
2024-02-01,4,195,52.33,26.48,2841.09,0,1,0,43.72,217,4.1,55
2024-02-02,8,161,55.18,1.56,4159.59,1,0,1,46.34,449,2.1,110
2024-02-03,2,192,21.22,5.73,3592.95,1,1,1,29.759999999999998,364,3.8,135
2024-02-04,3,157,44.68,9.3,3513.81,0,1,0,47.65,188,1.0,85
2024-02-05,1,166,67.9,21.95,1689.29,0,0,0,65.49000000000001,332,4.5,26
2024-02-06,1,155,80.24,19.22,1246.09,1,0,0,85.33999999999999,434,1.1,36
2024-02-07,3,139,29.55,12.48,1133.34,1,0,0,33.0,305,3.9,62
2024-02-08,5,197,22.4,22.77,4300.24,1,0,0,23.02,123,1.2,93
2024-02-09,3,139,69.67,18.29,4120.09,0,1,0,61.650000000000006,18,2.1,76
2024-02-10,1,190,10.17,26.88,2258.81,0,0,0,16.41,256,3.0,62
2024-02-11,1,176,26.05,24.54,748.78,0,1,0,33.370000000000005,295,2.7,48
2024-02-12,8,132,12.62,7.58,1973.04,0,1,0,6.06,415,1.8,72
2024-02-13,2,105,25.02,8.14,3134.78,0,1,1,32.03,21,2.3,121
2024-02-14,3,187,26.32,3.76,2326.58,1,1,1,33.88,367,3.9,134
2024-02-15,2,118,44.89,10.11,3922.93,1,1,0,45.88,476,3.7,106
2024-02-16,3,179,46.21,29.99,4988.35,1,0,0,49.33,449,1.3,94
2024-02-17,7,139,88.68,12.17,1036.55,0,1,1,86.32000000000001,39,4.0,55
2024-02-18,1,191,55.91,6.61,2352.29,0,1,0,51.55,37,1.2,55
2024-02-19,8,196,75.11,22.87,2211.82,0,0,0,79.55,47,3.2,28
2024-02-20,2,158,19.37,16.27,1592.01,1,0,0,26.61,182,2.0,77
2024-02-21,3,158,30.29,4.49,1070.67,0,1,0,33.37,74,3.4,59
2024-02-22,9,147,73.26,11.42,421.89,0,1,0,73.49000000000001,208,2.0,40
2024-02-23,7,140,14.75,12.43,4446.88,1,0,0,7.93,182,4.9,102
2024-02-24,4,112,53.79,22.61,2157.26,0,1,0,44.86,434,2.2,53
2024-02-25,5,144,63.94,0.62,2534.79,1,0,0,62.849999999999994,106,2.0,77
2024-02-26,2,188,64.19,8.07,4593.02,0,0,1,55.18,187,2.1,91
2024-02-27,8,152,12.06,15.53,3903.82,0,1,0,13.450000000000001,263,4.6,101
2024-02-28,4,141,38.99,8.07,739.46,1,0,0,36.64,85,3.5,65
2024-02-29,9,199,67.28,18.85,2870.56,1,1,0,72.42,323,3.9,79
2024-03-01,5,162,23.41,14.46,2267.04,1,1,0,19.52,330,4.7,82
2024-03-02,9,126,72.59,10.85,4006.33,1,1,0,74.45,455,4.6,88
2024-03-03,4,137,77.13,28.48,3648.74,1,0,1,77.88,136,4.0,89
2024-03-04,5,159,98.38,18.96,3482.99,1,1,0,88.47,345,1.8,75
2024-03-05,9,106,28.89,3.9,1768.67,0,0,0,20.34,385,4.4,49
2024-03-06,8,104,84.26,16.8,4044.32,0,1,0,80.07000000000001,335,1.8,61
2024-03-07,3,144,56.83,23.42,356.72,1,1,0,64.47,94,4.0,53
2024-03-08,1,157,43.61,21.25,882.16,0,0,0,36.55,325,3.7,36
2024-03-09,3,130,21.01,5.16,1744.55,1,1,1,25.23,244,4.0,119
2024-03-10,4,122,76.2,29.17,476.36,0,1,0,85.67,468,3.1,27
2024-03-11,2,141,31.23,13.46,1251.47,1,0,0,37.04,89,3.6,66
2024-03-12,1,109,43.43,4.77,4167.74,0,0,1,38.29,58,4.8,95
2024-03-13,7,131,15.63,5.41,4746.43,0,0,0,23.8,402,1.4,99
2024-03-14,8,152,82.12,2.95,1592.55,0,1,0,73.98,27,2.2,45
2024-03-15,7,129,78.99,24.11,1396.13,0,0,0,78.35,71,3.4,19
2024-03-16,5,138,76.03,3.66,1471.47,0,0,0,83.78,269,4.9,33
2024-03-17,1,130,36.95,3.75,1460.82,1,1,0,39.78,23,1.4,90
2024-03-18,7,181,25.61,25.51,276.06,1,0,0,23.88,111,1.1,66
2024-03-19,7,199,67.38,10.34,4641.89,1,1,0,63.239999999999995,299,1.2,103
2024-03-20,9,101,54.65,0.93,1147.12,0,1,0,52.15,484,1.2,49
2024-03-21,3,177,26.04,1.56,2158.02,1,0,0,26.22,55,4.6,84
2024-03-22,9,176,71.73,4.27,147.47,0,1,0,68.11,473,3.9,39
2024-03-23,1,192,99.2,6.4,4303.98,0,0,0,108.58,222,3.7,41
2024-03-24,1,111,77.25,19.95,3682.67,0,0,0,85.91,119,3.1,41
2024-03-25,4,138,76.6,4.72,4739.1,1,0,0,84.00999999999999,178,4.1,69
2024-03-26,9,165,95.53,3.57,3929.92,0,0,0,93.97,287,1.6,43
2024-03-27,6,195,28.26,22.94,1637.16,1,1,0,32.09,433,2.6,80
2024-03-28,3,112,60.9,20.13,1314.58,1,1,0,68.96,424,3.0,73
2024-03-29,1,145,98.17,13.06,3518.81,0,0,0,105.18,449,1.4,34
2024-03-30,4,126,24.88,16.48,1884.15,0,0,0,23.169999999999998,280,2.7,52
2024-03-31,9,116,73.02,9.36,2874.45,1,1,0,65.27,371,2.3,84
2024-04-01,3,194,62.72,14.48,130.66,1,0,0,54.23,491,1.1,34
2024-04-02,9,197,62.78,15.2,403.24,1,1,0,64.32000000000001,188,1.5,61
2024-04-03,7,159,72.79,11.62,2723.3,1,0,1,75.64,65,4.1,87
2024-04-04,4,163,93.67,27.2,2873.75,1,1,0,100.67,297,1.1,72
2024-04-05,3,187,80.43,0.48,3782.12,1,1,1,76.28,448,4.7,109
2024-04-06,5,134,15.05,23.47,746.63,0,1,0,8.4,419,1.3,58
2024-04-07,5,169,86.75,3.73,2614.6,1,0,0,84.33,248,4.2,49
2024-04-08,3,182,30.3,23.93,1052.79,1,0,0,27.37,75,4.6,64
2024-04-09,9,129,43.92,18.48,556.66,1,0,1,36.57,136,4.8,70
2024-04-10,4,170,51.56,25.3,2111.43,1,0,0,55.010000000000005,163,4.5,62
2024-04-11,5,173,53.28,2.93,900.35,0,0,0,53.45,232,2.2,44
2024-04-12,4,195,49.17,16.77,1186.73,0,1,1,53.59,254,2.3,81
2024-04-13,5,197,94.36,15.03,1656.02,1,1,0,91.41,475,2.7,45
2024-04-14,7,162,73.54,21.19,1371.0,1,1,0,70.05000000000001,293,1.6,53
2024-04-15,9,127,66.81,16.03,529.2,1,1,0,66.26,416,1.1,65
2024-04-16,7,159,14.49,16.22,540.59,0,1,0,22.04,169,4.5,57
2024-04-17,5,178,91.35,12.89,1046.92,0,1,0,82.16,316,3.2,35
2024-04-18,7,193,91.85,9.27,347.74,0,1,0,97.94999999999999,173,3.4,28
2024-04-19,5,136,80.22,14.47,3169.64,0,0,0,77.6,469,4.7,30
2024-04-20,3,192,10.63,3.55,1507.9,0,1,0,17.72,344,3.7,71
2024-04-21,7,121,15.16,28.85,1470.76,0,0,1,21.2,444,3.8,80
2024-04-22,2,167,30.27,21.43,1726.79,1,1,1,27.25,17,4.1,120
2024-04-23,9,119,21.82,28.57,3347.7,0,1,0,25.7,69,1.5,91
2024-04-24,1,195,45.9,6.8,4366.11,0,0,0,39.089999999999996,337,2.4,79
2024-04-25,6,199,93.04,26.38,3819.53,1,1,0,100.97,115,4.9,67
2024-04-26,7,167,52.49,24.26,3664.89,0,0,0,50.580000000000005,79,4.7,48
2024-04-27,8,190,11.21,20.31,2473.52,1,1,0,10.32,14,4.5,103
2024-04-28,9,163,35.45,18.75,3499.65,0,0,0,39.57,175,2.8,67
2024-04-29,2,116,14.01,9.5,2808.54,1,1,0,20.43,455,4.4,96
2024-04-30,2,111,13.27,24.49,1159.63,1,0,0,8.0,268,1.2,65
2024-05-01,5,121,34.81,15.05,1122.08,1,0,0,38.04,118,1.6,70
2024-05-02,5,116,34.81,2.13,1552.32,1,1,0,32.650000000000006,298,2.7,82
2024-05-03,6,109,80.84,9.39,4562.93,1,1,0,78.21000000000001,187,2.9,86
2024-05-04,3,164,97.74,28.06,2782.33,0,0,0,101.53999999999999,56,2.1,27
2024-05-05,8,121,43.41,25.52,3696.14,0,1,0,41.15,198,2.4,72
2024-05-06,1,189,48.6,29.46,1798.14,1,0,0,45.52,16,1.7,54
2024-05-07,6,181,86.03,18.84,2097.81,1,1,0,92.75,433,3.0,56
2024-05-08,4,149,34.13,7.43,715.27,1,0,0,26.160000000000004,287,4.2,50
2024-05-09,1,113,24.07,4.88,939.35,0,1,0,27.59,405,3.6,69
2024-05-10,7,163,86.78,5.61,4154.05,1,0,0,81.75,54,1.4,75
2024-05-11,9,146,14.19,0.59,2965.71,1,1,0,4.5,498,3.0,116
2024-05-12,4,128,65.77,11.72,1753.91,1,0,0,59.11,440,3.8,62
2024-05-13,4,175,60.58,5.74,4033.97,1,0,1,62.71,268,3.1,102
2024-05-14,6,135,41.13,12.35,1307.95,0,1,0,45.31,302,2.6,52
2024-05-15,3,198,38.37,28.05,4882.56,1,1,0,28.79,86,3.5,115
2024-05-16,6,151,79.47,12.92,1789.61,1,0,0,70.2,317,4.9,40
2024-05-17,7,175,17.78,26.34,1752.82,0,0,0,25.830000000000002,437,1.4,57
2024-05-18,3,106,31.31,18.17,1628.37,1,0,0,22.78,28,2.6,69
2024-05-19,7,128,75.92,7.41,698.35,1,0,0,83.8,21,2.6,47
2024-05-20,3,110,59.35,10.68,644.57,0,1,0,53.910000000000004,320,3.3,46
2024-05-21,2,132,21.52,2.52,3275.71,0,0,0,26.32,284,1.6,79
2024-05-22,4,105,89.39,10.0,4388.08,0,0,0,85.58,47,1.7,46
2024-05-23,8,178,45.41,20.33,3973.55,1,0,1,52.589999999999996,4,2.1,125
2024-05-24,9,131,84.51,2.16,791.43,1,1,1,88.52000000000001,249,4.8,85
2024-05-25,7,150,80.89,6.16,2773.35,0,0,0,78.93,162,3.9,42
2024-05-26,1,174,66.2,11.44,617.4,0,1,0,57.730000000000004,201,3.6,42
2024-05-27,3,157,54.5,29.46,321.94,0,1,0,59.15,466,4.3,35
2024-05-28,9,186,98.16,23.55,3316.29,1,1,0,100.5,100,1.5,63
2024-05-29,1,125,23.05,22.0,2722.25,1,1,0,13.110000000000001,70,4.4,85
2024-05-30,9,197,75.26,3.49,501.92,0,1,0,65.45,429,3.4,37
2024-05-31,8,145,27.21,23.43,271.2,1,1,1,33.39,162,2.3,106
2024-06-01,1,197,40.44,23.56,4949.81,0,1,1,35.629999999999995,172,4.3,126
2024-06-02,6,128,37.78,18.03,247.1,1,0,0,40.5,140,4.2,51
2024-06-03,5,103,95.23,29.71,2278.19,1,0,0,94.31,137,4.4,40
2024-06-04,6,180,97.06,9.76,2572.63,1,1,0,104.33,65,1.5,66
2024-06-05,5,198,26.47,28.24,674.67,1,0,0,34.81,197,4.9,52
2024-06-06,6,112,11.98,27.44,928.4,0,0,0,21.92,327,4.8,51
2024-06-07,5,138,74.8,0.34,1823.84,1,1,0,67.87,227,2.4,73
2024-06-08,5,114,47.62,13.5,3832.21,1,0,0,54.879999999999995,280,1.3,96
2024-06-09,4,128,18.0,29.31,2584.7,0,1,0,13.32,171,1.7,71
2024-06-10,3,128,71.54,3.09,3225.72,1,0,0,73.36,315,5.0,62
2024-06-11,3,174,59.06,16.43,4927.36,0,1,0,59.18,430,3.3,79
2024-06-12,4,131,98.25,29.37,3863.23,0,1,0,88.61,39,2.4,54
2024-06-13,9,101,30.47,16.66,2228.37,1,0,0,39.129999999999995,6,2.2,76
2024-06-14,2,146,46.36,5.69,2287.57,1,0,0,37.93,173,2.0,79
2024-06-15,9,177,58.83,17.47,3131.98,0,1,0,62.589999999999996,150,3.7,53
2024-06-16,1,183,81.25,6.13,3360.29,0,1,0,86.95,210,2.7,67
2024-06-17,1,121,59.4,15.59,2553.48,0,1,0,65.31,301,4.9,54
2024-06-18,5,174,65.16,2.22,3259.82,1,0,0,57.87,85,3.7,64
2024-06-19,6,126,30.35,18.16,215.31,0,0,0,29.3,396,4.2,22
2024-06-20,6,166,86.22,15.5,2205.15,0,0,0,92.81,252,2.2,22
2024-06-21,3,180,48.58,22.2,1466.8,0,0,0,44.629999999999995,20,1.3,33
2024-06-22,7,155,22.69,18.92,732.95,1,1,0,22.040000000000003,256,3.0,71
2024-06-23,9,191,69.78,16.49,587.78,0,1,0,65.24,378,2.3,41
2024-06-24,8,192,29.45,20.69,3055.64,1,1,0,28.72,402,1.8,98
2024-06-25,6,120,18.78,4.32,2665.64,1,1,0,26.54,380,4.8,109
2024-06-26,8,146,87.58,17.86,1342.56,0,0,0,86.67999999999999,443,2.8,20
2024-06-27,5,179,51.41,5.16,2407.66,1,1,0,52.529999999999994,32,1.7,81
2024-06-28,8,158,77.44,27.77,2511.94,0,1,0,75.52,259,1.8,42
2024-06-29,4,183,36.15,2.05,1055.54,1,0,0,35.35,233,2.1,69
2024-06-30,8,105,80.83,12.91,3295.26,1,0,0,71.13,2,5.0,63
2024-07-01,2,118,20.07,20.87,3926.5,0,1,1,15.74,346,2.1,117
2024-07-02,5,156,42.04,13.74,3978.17,0,0,0,40.769999999999996,307,2.3,66
2024-07-03,9,168,98.03,2.76,3052.1,0,1,1,100.71000000000001,488,3.6,83
2024-07-04,4,102,81.46,16.6,2607.03,1,0,1,80.46,226,2.2,75
2024-07-05,6,100,54.75,19.25,398.94,1,0,0,51.51,283,1.9,41
2024-07-06,1,157,40.58,21.11,1510.37,0,1,0,38.339999999999996,69,1.6,59
2024-07-07,9,137,88.49,11.2,557.03,0,0,0,83.33999999999999,453,2.3,17
2024-07-08,1,114,59.04,16.91,4822.73,1,1,1,67.53,438,1.4,129
2024-07-09,5,133,78.26,13.52,761.89,1,0,0,78.69000000000001,312,1.1,46
2024-07-10,4,160,77.87,20.16,843.7,1,0,0,68.14,363,4.2,30
2024-07-11,3,134,11.62,17.51,4458.93,0,0,0,2.01,470,1.6,97
2024-07-12,6,163,21.36,15.77,4725.25,1,0,0,30.82,253,4.1,93
2024-07-13,2,124,69.37,7.49,3852.56,0,0,0,63.800000000000004,480,4.2,50
2024-07-14,3,123,24.55,0.06,126.48,1,1,0,30.66,143,3.2,84
2024-07-15,5,111,32.99,5.22,106.6,1,0,0,24.160000000000004,23,2.2,60
2024-07-16,9,117,95.2,3.51,1952.69,0,1,0,103.62,452,1.6,46
2024-07-17,2,114,60.42,13.47,802.64,0,0,0,67.91,424,3.9,17
2024-07-18,8,179,77.57,18.37,190.09,0,1,0,78.99,233,3.4,24
2024-07-19,2,126,60.22,6.39,2373.93,1,0,0,50.4,332,3.6,62
2024-07-20,5,171,59.73,28.17,4721.0,1,1,0,54.89,174,1.0,102
2024-07-21,7,159,18.47,0.2,1686.72,1,1,0,16.61,331,4.7,98
2024-07-22,8,145,40.93,23.17,3339.59,0,0,0,40.13,324,1.3,54
2024-07-23,1,188,35.42,18.76,3295.95,1,0,0,31.37,356,2.5,87
2024-07-24,6,116,45.17,11.21,1330.29,0,0,0,35.83,158,2.6,47
2024-07-25,1,192,81.85,1.51,3287.08,0,1,0,83.64999999999999,347,1.0,67
2024-07-26,2,152,43.47,18.82,1140.44,0,1,0,43.949999999999996,347,3.0,48
2024-07-27,1,107,50.65,11.57,697.84,1,0,0,46.31,285,4.0,58
2024-07-28,5,178,45.76,28.09,3536.78,1,0,0,36.519999999999996,17,4.3,79
2024-07-29,9,126,18.41,16.26,655.86,0,1,0,28.3,43,4.5,54
2024-07-30,6,145,49.7,28.19,4984.86,1,1,0,49.34,154,3.0,97
2024-07-31,1,149,27.6,6.61,998.92,0,0,0,32.72,354,3.5,55
2024-08-01,1,170,26.81,21.77,3011.3,0,1,0,25.86,409,1.3,85
2024-08-02,2,102,18.46,18.52,2115.74,1,0,1,9.32,376,3.0,103
2024-08-03,9,192,42.1,22.18,719.29,0,0,1,38.29,230,1.6,67
2024-08-04,3,163,78.17,6.44,236.44,0,0,0,74.57000000000001,496,2.5,11
2024-08-05,1,143,34.88,19.95,3151.39,1,1,0,41.650000000000006,370,2.3,91
2024-08-06,5,152,38.11,14.94,4053.11,0,1,0,41.19,315,2.7,92
2024-08-07,7,123,67.84,22.28,4225.88,0,1,0,63.35,401,3.3,65
2024-08-08,6,159,27.63,9.81,2465.3,0,1,0,36.98,224,4.6,68
2024-08-09,1,102,90.73,26.7,3909.53,0,0,0,87.16000000000001,216,2.6,30
2024-08-10,5,119,56.82,2.53,3396.95,0,1,0,66.78,55,4.9,69
2024-08-11,5,145,50.28,24.22,3648.85,0,0,0,60.2,30,4.0,51
2024-08-12,6,114,60.2,25.84,2513.74,0,0,0,54.02,356,3.0,37
2024-08-13,3,124,24.94,24.52,3203.72,1,0,0,21.19,58,3.6,78
2024-08-14,5,193,65.21,15.38,4047.08,1,1,0,64.92999999999999,379,1.4,101
2024-08-15,7,177,42.68,13.15,2049.63,0,0,0,45.96,385,4.4,50
2024-08-16,5,170,90.75,29.89,4049.3,0,0,0,91.31,352,3.3,41
2024-08-17,5,116,25.2,6.88,3000.88,1,1,0,34.59,422,4.9,101
2024-08-18,5,183,55.63,16.41,912.92,1,0,0,60.11,444,3.5,54
2024-08-19,3,199,63.83,20.12,220.95,1,1,0,58.07,234,4.3,43
2024-08-20,1,108,13.0,21.03,1877.49,1,1,0,5.1,106,4.2,94
2024-08-21,5,137,42.73,6.12,2778.81,1,1,0,46.5,190,2.4,89
2024-08-22,9,147,75.94,19.62,4215.12,0,0,0,69.11,479,2.0,57
2024-08-23,1,159,83.83,24.55,724.68,1,1,1,89.58,17,2.7,72
2024-08-24,3,162,38.18,1.5,4021.01,1,1,0,34.4,400,2.9,112
2024-08-25,4,185,81.87,27.35,4328.74,1,1,0,78.41000000000001,225,2.0,91
2024-08-26,1,101,97.1,0.89,838.37,0,1,0,87.32,166,4.6,15
2024-08-27,1,187,87.12,10.68,4272.81,0,0,0,91.14,70,3.2,44
2024-08-28,8,171,20.59,0.47,4958.12,0,1,0,12.86,361,4.9,96
2024-08-29,2,110,76.58,2.31,3661.51,0,0,0,82.03999999999999,53,4.2,43
2024-08-30,8,163,38.77,27.34,3945.37,0,1,0,38.61000000000001,244,3.2,80
2024-08-31,7,176,98.96,10.65,4972.63,0,0,0,104.64999999999999,482,4.8,47
2024-09-01,2,180,53.68,12.74,3066.86,1,1,0,55.36,349,3.0,90
2024-09-02,6,171,21.02,6.46,1608.64,0,0,0,12.67,75,4.5,59
2024-09-03,6,120,75.27,17.91,4203.9,0,1,0,80.58,34,2.4,75
2024-09-04,3,117,39.07,17.84,3110.98,1,0,0,30.47,266,2.5,86
2024-09-05,2,193,99.74,11.17,2947.86,0,0,0,99.30999999999999,316,2.7,36
2024-09-06,1,163,98.18,9.99,1342.81,1,0,0,91.63000000000001,299,3.2,34
2024-09-07,6,181,69.05,26.55,3806.04,1,1,0,74.1,120,3.2,92
2024-09-08,5,194,21.68,11.5,500.17,0,0,0,29.91,323,3.0,43
2024-09-09,9,137,71.82,14.81,4629.01,1,0,0,72.89999999999999,24,2.2,86
2024-09-10,1,131,18.37,8.5,1696.53,1,0,0,18.91,431,4.7,66
2024-09-11,7,110,12.64,23.6,726.1,1,0,0,17.92,159,3.4,72
2024-09-12,5,144,84.07,11.92,2267.6,1,1,0,74.16999999999999,83,2.6,75
2024-09-13,5,188,28.88,15.41,308.1,0,0,0,37.239999999999995,113,3.6,35
2024-09-14,2,132,44.11,7.6,3454.67,1,0,0,38.06,222,4.1,83
2024-09-15,3,140,97.61,29.63,4523.26,0,0,0,107.28999999999999,387,4.8,37
2024-09-16,7,107,40.32,8.74,4202.59,1,1,0,45.05,165,3.0,111
2024-09-17,6,110,36.68,23.12,724.11,1,0,0,42.17,190,1.4,54
2024-09-18,2,185,92.64,12.82,718.73,1,0,0,95.76,174,2.8,32
2024-09-19,6,150,19.97,6.19,4085.83,0,0,1,19.4,0,2.9,114
2024-09-20,2,187,78.36,23.99,4628.85,0,0,0,79.79,386,4.6,50
2024-09-21,2,140,98.93,10.01,2357.28,0,1,0,89.86000000000001,228,2.6,31
2024-09-22,2,116,91.12,25.96,2544.96,1,0,0,93.60000000000001,85,4.8,35
2024-09-23,3,175,68.65,27.46,1659.48,1,0,0,71.17,61,2.9,38
2024-09-24,2,145,38.27,25.79,4481.9,1,1,0,46.09,319,4.9,111
2024-09-25,4,131,32.89,1.05,3260.02,1,1,0,33.0,400,1.0,110
2024-09-26,9,178,83.73,23.62,1512.43,0,1,1,75.27000000000001,381,4.6,53
2024-09-27,6,179,89.18,12.34,1564.04,1,0,0,85.30000000000001,205,4.7,37
2024-09-28,1,153,57.29,26.21,4466.88,0,1,0,60.4,104,4.8,77
2024-09-29,8,185,31.99,19.14,166.81,1,0,0,26.779999999999998,317,1.1,47
2024-09-30,7,191,20.16,25.01,1681.36,0,1,0,15.77,290,1.7,77
2024-10-01,3,119,17.85,14.98,2816.35,0,0,0,24.26,249,3.6,67
2024-10-02,1,132,74.72,16.05,826.27,1,1,0,76.41,12,1.1,56
2024-10-03,5,173,47.81,4.33,551.28,1,0,0,47.980000000000004,162,1.3,60
2024-10-04,4,139,91.48,23.52,4094.85,0,1,0,87.85000000000001,42,1.9,56
2024-10-05,8,131,76.57,12.58,4482.58,1,0,1,81.19,385,3.0,102
2024-10-06,1,196,27.21,15.0,4135.67,1,0,0,22.96,439,3.2,101
2024-10-07,1,101,65.24,23.55,4504.06,0,0,0,69.97999999999999,110,1.1,54
2024-10-08,4,196,49.2,17.97,2810.25,0,0,1,40.6,204,1.7,92
2024-10-09,8,132,61.95,6.03,4080.06,0,0,0,69.24000000000001,383,3.0,54
2024-10-10,5,176,76.43,17.71,1981.81,0,0,0,76.42,255,3.4,24
2024-10-11,2,129,82.56,12.23,3364.71,1,0,0,81.33,306,1.6,66
2024-10-12,6,132,85.94,14.09,4945.29,0,0,0,88.16,437,2.6,63
2024-10-13,5,176,32.86,0.85,1206.07,0,1,0,35.339999999999996,143,4.6,55
2024-10-14,2,125,12.8,6.3,2010.51,0,0,0,5.44,145,5.0,60
2024-10-15,3,121,76.54,8.43,2452.23,1,0,0,81.66000000000001,390,4.9,54
2024-10-16,9,165,19.57,21.39,776.28,0,1,0,15.09,300,4.5,53
2024-10-17,7,137,38.34,0.34,497.09,1,0,0,46.440000000000005,163,2.6,68
2024-10-18,7,189,10.34,12.26,4165.64,0,1,0,16.7,168,3.7,103
2024-10-19,6,145,71.35,27.72,4886.29,0,0,0,68.28,477,2.7,48
2024-10-20,8,114,25.04,3.36,2083.15,1,1,0,31.189999999999998,297,3.6,86
2024-10-21,4,197,68.98,15.49,529.48,0,1,0,66.11,232,2.2,43
2024-10-22,8,143,99.26,23.6,422.48,0,0,0,91.28,390,3.4,6
2024-10-23,4,148,16.54,28.28,4467.46,1,1,0,25.78,270,3.1,106
2024-10-24,8,174,16.94,22.4,2372.69,0,0,0,19.990000000000002,59,1.1,59
2024-10-25,9,160,40.63,21.62,1668.13,0,0,0,39.75,295,4.2,30
2024-10-26,3,166,87.97,24.79,2434.66,0,0,0,85.92999999999999,466,1.0,29
2024-10-27,3,105,29.4,13.39,1659.69,0,0,0,25.89,234,2.2,62
2024-10-28,2,108,42.43,24.18,2496.28,1,1,0,52.06,164,1.0,87
2024-10-29,3,105,16.17,0.24,4311.83,0,0,0,8.860000000000003,193,2.5,83
2024-10-30,3,172,78.68,27.74,3002.28,1,1,0,74.98,233,1.3,80
2024-10-31,5,194,46.75,13.3,3503.8,0,1,0,46.46,367,4.7,76
2024-11-01,5,131,78.33,16.6,1886.89,1,0,0,77.89,182,2.7,57
2024-11-02,2,140,91.32,7.65,3718.68,0,0,0,90.75,332,2.8,40
2024-11-03,6,175,30.95,22.28,3366.42,1,0,0,24.47,231,2.4,91
2024-11-04,5,107,82.67,2.3,685.85,0,0,0,75.57000000000001,360,3.5,18
2024-11-05,6,171,15.32,26.18,2905.95,1,1,0,10.42,490,4.1,100
2024-11-06,1,149,90.9,24.84,1358.04,1,0,0,99.19,106,3.6,22
2024-11-07,5,191,68.57,6.48,4040.07,0,1,0,60.82999999999999,377,4.0,63
2024-11-08,9,161,88.68,24.28,2187.09,1,0,0,93.83000000000001,222,4.6,37
2024-11-09,2,183,10.02,23.59,4973.95,0,0,1,15.17,79,4.5,107
2024-11-10,1,161,25.22,18.97,553.25,0,0,0,31.419999999999998,233,3.7,43
2024-11-11,9,106,45.08,11.21,3923.7,0,0,0,52.81,380,1.9,76
2024-11-12,9,174,44.16,8.14,3401.14,0,1,0,39.419999999999995,183,3.6,67
2024-11-13,9,183,30.41,6.95,3860.74,0,1,1,24.9,427,3.0,120
2024-11-14,6,179,44.35,9.56,1606.9,1,0,0,43.660000000000004,184,3.9,53
2024-11-15,8,103,21.6,27.11,2511.07,0,1,1,16.900000000000002,133,4.3,91
2024-11-16,1,105,47.15,2.33,4002.89,0,1,0,51.839999999999996,219,4.0,83
2024-11-17,4,157,82.21,24.87,1239.45,0,0,0,84.92999999999999,287,4.4,19
2024-11-18,1,121,53.12,10.47,1207.56,0,0,0,60.62,363,1.3,38
2024-11-19,8,125,11.62,15.65,2800.15,0,1,0,3.2699999999999996,201,1.1,96
2024-11-20,1,102,47.93,23.83,2665.46,0,1,0,56.230000000000004,369,2.0,69
2024-11-21,3,140,12.45,26.53,1483.09,1,1,0,8.32,145,4.6,91
2024-11-22,4,159,96.96,10.34,1560.57,1,1,1,96.77,323,4.3,79
2024-11-23,8,113,21.47,13.86,1461.44,0,0,0,20.24,126,3.7,43
2024-11-24,6,174,73.69,12.44,3880.41,1,0,0,78.89999999999999,456,3.8,75
2024-11-25,7,181,97.55,0.4,3294.31,0,1,0,95.96,134,3.9,46
2024-11-26,8,111,84.34,8.88,4178.84,0,0,0,93.21000000000001,113,4.8,39
2024-11-27,2,186,72.94,13.78,4879.82,0,1,0,80.99,263,4.3,72
2024-11-28,8,111,85.55,12.33,2423.41,0,1,0,92.99,63,3.5,45
2024-11-29,3,112,98.36,21.66,426.8,0,0,0,89.78999999999999,490,3.7,2
2024-11-30,7,124,65.92,11.54,335.65,1,1,1,73.01,134,1.9,94
2024-12-01,3,144,60.33,14.68,1548.76,1,1,0,65.96,40,3.6,61
2024-12-02,7,118,66.54,12.89,4669.47,1,0,0,58.61000000000001,295,2.7,80
2024-12-03,2,154,57.94,22.22,2663.74,1,0,0,50.089999999999996,2,1.6,69
2024-12-04,6,199,67.16,25.89,1431.75,0,1,0,59.17999999999999,400,4.2,37
2024-12-05,3,144,50.49,15.96,2055.92,1,1,0,40.72,193,3.0,69
2024-12-06,3,107,29.66,23.68,3033.12,0,0,0,30.63,462,4.9,54
2024-12-07,9,192,20.82,8.9,3299.45,1,1,0,30.29,109,2.1,105
2024-12-08,7,152,16.15,16.24,854.21,1,1,0,14.919999999999998,220,2.9,89
2024-12-09,5,154,33.7,10.36,4887.46,1,0,0,34.52,369,2.8,109
2024-12-10,7,131,14.15,12.43,2769.38,1,0,0,23.509999999999998,367,1.5,99
2024-12-11,9,150,61.05,21.97,764.87,0,0,0,56.15,435,2.7,19
2024-12-12,1,143,35.54,26.45,4478.81,1,0,0,42.71,405,2.2,95
2024-12-13,7,181,84.21,3.64,465.73,1,0,1,85.14,3,1.6,71
2024-12-14,6,169,16.68,19.04,4547.9,0,0,0,18.07,243,2.1,85
2024-12-15,9,117,30.37,17.46,4983.17,0,1,0,27.23,389,1.9,100
2024-12-16,1,182,75.72,3.55,3532.12,1,1,0,76.95,165,3.9,85
2024-12-17,4,121,63.89,6.36,3875.19,0,0,0,55.35,25,1.1,63
2024-12-18,9,136,15.8,9.33,1752.78,0,0,0,21.09,394,3.5,57
2024-12-19,4,195,88.95,5.01,4713.73,0,1,0,84.64,473,4.0,60
2024-12-20,3,155,88.95,7.31,2695.6,1,1,0,96.7,16,2.9,65
2024-12-21,9,158,39.74,8.03,3688.7,0,1,1,37.1,215,4.7,100
2024-12-22,2,102,40.64,10.07,4628.13,1,0,0,33.5,91,3.8,91
2024-12-23,4,127,99.01,22.48,4878.38,1,0,0,102.93,482,4.0,61
2024-12-24,6,173,66.36,17.16,4182.7,1,1,0,59.65,30,1.8,88
2024-12-25,2,134,57.82,29.59,1584.79,1,0,0,62.89,204,4.1,52
2024-12-26,8,160,85.43,12.44,4836.08,0,0,0,94.79,418,4.3,59
2024-12-27,8,192,35.68,22.62,3177.79,1,0,0,41.269999999999996,399,2.4,74
2024-12-28,1,153,48.63,26.14,4660.15,0,1,0,39.08,206,1.9,92
2024-12-29,3,162,34.1,20.37,3412.91,1,1,0,36.1,106,2.5,109
2024-12-30,9,178,81.02,12.36,1605.47,0,0,0,84.92999999999999,145,4.0,19
2024-12-31,5,196,61.6,22.61,1913.12,1,0,0,68.11,366,2.7,52
2025-01-01,6,106,69.29,6.11,2797.31,0,0,0,60.410000000000004,100,3.9,49
2025-01-02,4,175,32.71,9.83,3971.07,1,0,0,32.31,367,1.5,99
2025-01-03,2,148,29.82,16.4,1658.11,1,0,0,30.53,317,4.2,67
2025-01-04,8,193,53.95,17.26,2940.68,0,1,0,47.330000000000005,367,2.0,57
2025-01-05,6,184,76.38,0.66,1793.56,1,0,0,72.83,240,2.0,46
2025-01-06,5,130,57.27,28.35,4097.27,1,0,0,56.07,488,3.4,82
2025-01-07,9,157,12.94,20.9,2386.97,1,0,0,19.6,410,1.3,81
2025-01-08,1,160,88.17,14.87,475.94,0,1,0,96.76,246,1.1,23
2025-01-09,5,123,15.82,27.99,913.66,1,1,0,18.39,162,2.0,78
2025-01-10,6,119,96.02,13.17,399.41,1,0,0,93.92,371,3.2,29
2025-01-11,5,136,12.26,29.41,2546.58,0,1,0,7.34,172,4.6,83
2025-01-12,6,103,72.5,15.37,621.05,0,1,1,82.14,34,4.4,66
2025-01-13,6,191,17.4,3.43,659.29,0,1,0,27.06,283,3.0,67
2025-01-14,7,119,91.96,22.94,4711.14,0,1,1,100.46,358,1.1,90
2025-01-15,4,159,51.8,20.37,4376.01,0,1,0,57.51,380,3.1,71
2025-01-16,8,123,22.38,23.19,2315.22,1,1,0,18.9,357,3.8,83
2025-01-17,7,149,40.67,28.54,4930.45,1,0,0,47.010000000000005,392,2.4,102
2025-01-18,9,148,24.83,23.29,100.91,1,1,0,23.009999999999998,459,1.4,76
2025-01-19,7,150,25.35,18.34,3108.5,0,1,0,21.89,398,2.1,88
2025-01-20,3,195,95.33,25.72,3120.5,1,0,1,100.23,20,4.1,82
2025-01-21,3,135,50.07,20.2,2341.47,0,0,0,41.66,307,2.4,39
2025-01-22,8,197,80.99,12.24,2045.05,0,0,0,71.96,162,4.2,29
2025-01-23,5,199,67.56,26.57,2331.38,1,0,0,66.52,489,2.3,53
2025-01-24,4,165,70.88,6.66,2133.31,0,1,0,69.78999999999999,96,1.7,63
2025-01-25,8,178,21.85,21.44,3679.41,0,1,1,29.76,306,2.7,112
2025-01-26,6,133,31.08,26.45,763.24,1,1,0,23.599999999999998,338,2.8,63
2025-01-27,2,135,80.81,21.94,1068.43,0,1,0,73.28,54,1.1,39
2025-01-28,4,105,97.37,20.92,984.54,0,0,0,90.32000000000001,470,1.5,2
2025-01-29,4,138,33.64,22.58,1386.11,1,1,0,24.23,332,1.7,81
2025-01-30,6,141,34.44,13.95,2673.77,0,1,1,25.869999999999997,126,1.5,108
2025-01-31,6,157,52.56,26.23,644.92,0,0,0,55.760000000000005,427,2.4,25
2025-02-01,1,111,98.55,6.1,4354.03,1,1,0,97.17999999999999,192,4.9,69
2025-02-02,8,102,34.21,3.82,1557.07,1,1,0,39.480000000000004,242,3.0,80
2025-02-03,6,117,46.63,8.57,896.44,1,1,0,56.480000000000004,348,3.5,62
2025-02-04,3,139,90.23,15.95,3410.54,1,1,0,93.41000000000001,87,2.4,68
2025-02-05,9,120,10.26,15.32,286.62,0,0,0,1.2699999999999996,335,2.3,50
2025-02-06,2,114,13.58,24.62,3137.85,0,0,0,5.67,408,1.1,73
2025-02-07,8,196,64.37,12.14,3521.17,1,0,0,71.99000000000001,214,3.0,80
2025-02-08,3,198,91.66,14.53,1153.09,0,0,0,92.21,91,2.9,12
2025-02-09,5,125,31.5,0.4,305.62,0,0,0,38.0,302,1.6,50
2025-02-10,6,107,52.27,12.29,1881.86,1,1,0,59.400000000000006,463,4.1,67
2025-02-11,6,199,50.54,19.43,583.11,1,1,0,59.09,234,3.0,69
2025-02-12,4,193,52.57,0.47,670.74,0,0,0,61.57,183,2.4,32
2025-02-13,3,186,66.03,8.43,1345.88,1,0,0,67.13,37,1.6,53
2025-02-14,4,141,52.28,6.24,1547.79,1,0,0,49.1,138,3.2,51
2025-02-15,1,143,50.27,1.26,2696.85,1,1,0,59.510000000000005,194,4.0,89
2025-02-16,4,113,52.69,14.38,3424.12,0,0,1,53.64,14,2.1,83
2025-02-17,1,177,63.18,5.45,3004.58,1,1,0,54.47,256,1.9,78
2025-02-18,1,101,58.33,22.29,826.97,0,1,1,61.19,134,3.1,62
2025-02-19,6,136,86.87,25.44,943.22,0,1,0,88.62,0,1.6,35
2025-02-20,5,168,14.45,16.37,4405.97,0,1,0,22.369999999999997,48,3.7,94
2025-02-21,4,137,85.0,29.45,2835.93,1,0,0,88.06,95,3.4,43
2025-02-22,3,140,85.95,13.51,4362.7,1,1,0,82.93,200,1.3,78
2025-02-23,1,161,35.64,15.4,1920.58,1,1,0,44.96,412,1.1,86
2025-02-24,6,159,51.66,29.68,3110.56,1,0,0,57.69,25,3.5,69
2025-02-25,2,113,49.47,6.95,2665.95,1,1,0,52.08,342,2.2,93
2025-02-26,8,188,29.67,28.28,1663.71,0,1,0,25.53,428,1.3,69
2025-02-27,5,183,45.71,1.29,2402.59,0,1,0,43.18,234,4.0,66
2025-02-28,7,101,13.99,13.39,2562.21,0,0,0,17.39,348,2.3,73
2025-03-01,2,169,35.0,2.1,1083.78,1,1,0,26.439999999999998,243,2.8,86
2025-03-02,8,116,83.5,21.88,1643.55,0,1,0,78.63,357,1.9,37
2025-03-03,2,188,35.61,18.25,3977.91,0,0,0,39.89,480,3.5,64
2025-03-04,4,127,83.64,21.2,4587.36,1,0,0,83.24,326,2.2,64
2025-03-05,1,165,57.84,11.23,1862.99,1,1,0,55.89,395,4.9,62
2025-03-06,5,134,89.19,11.08,1604.16,0,1,0,82.22,350,3.8,30
2025-03-07,9,104,61.73,1.36,1056.47,0,0,0,60.57,415,1.5,34
2025-03-08,1,164,12.67,10.5,3424.61,1,1,0,18.08,373,2.7,113
2025-03-09,9,139,70.79,27.88,1683.19,1,0,0,66.07000000000001,403,2.5,40
2025-03-10,8,175,14.04,11.38,4939.97,1,1,0,4.149999999999999,374,3.1,119
2025-03-11,6,155,50.55,24.94,1695.86,1,0,0,53.919999999999995,50,4.4,52
2025-03-12,7,135,93.65,25.27,2031.27,0,1,0,103.10000000000001,80,3.3,39
2025-03-13,3,144,24.87,11.2,3056.34,0,0,0,27.01,35,1.2,74
2025-03-14,1,122,45.09,18.96,4028.25,1,0,0,37.49,66,3.6,83
2025-03-15,5,146,75.69,2.86,2400.64,0,0,0,72.1,128,1.0,45
2025-03-16,2,130,89.4,3.11,2171.01,0,0,0,96.75,369,4.1,28
2025-03-17,5,110,70.38,1.46,4978.63,1,0,0,65.03,154,3.7,76
2025-03-18,8,109,33.24,17.43,151.42,0,1,0,35.39,244,2.2,57
2025-03-19,9,166,70.71,12.78,4485.82,0,1,0,68.75999999999999,110,2.2,83
2025-03-20,2,113,36.71,16.44,830.79,0,0,0,30.87,167,4.2,31
2025-03-21,3,179,74.66,15.63,3951.03,1,1,0,80.92999999999999,480,4.1,85
2025-03-22,3,173,95.86,10.51,3127.86,1,1,0,100.72,467,2.4,78
2025-03-23,1,192,74.93,20.32,1775.05,0,1,0,78.16000000000001,141,2.2,46
2025-03-24,8,109,87.66,22.76,4381.99,1,1,0,82.39,355,3.2,74
2025-03-25,6,175,10.19,0.44,163.25,1,1,0,2.1500000000000004,196,1.0,80
2025-03-26,8,193,74.58,6.22,1210.78,1,1,0,76.1,470,1.3,69
2025-03-27,9,100,84.66,21.4,2877.77,0,0,1,85.72999999999999,108,1.5,67
2025-03-28,5,104,13.65,11.6,1822.56,0,1,0,7.42,375,1.7,75
2025-03-29,3,119,88.44,19.87,3090.85,1,1,0,79.56,78,3.0,78
2025-03-30,5,107,33.1,10.41,218.14,0,1,0,24.71,389,5.0,54
2025-03-31,5,142,69.88,11.72,670.65,0,0,0,79.74,160,3.6,22
2025-04-01,5,175,82.03,4.76,722.77,0,1,0,87.7,438,1.2,43
2025-04-02,3,100,69.64,7.75,1027.49,0,1,0,78.08,18,3.1,34
2025-04-03,4,156,18.31,18.16,2350.72,0,1,0,12.209999999999999,126,3.0,80
2025-04-04,9,163,63.67,12.99,3785.43,1,0,1,72.88,204,1.6,117
2025-04-05,9,183,59.46,23.23,4537.14,0,1,0,52.31,28,4.7,75
2025-04-06,2,127,91.03,25.58,4193.33,0,0,0,91.21000000000001,444,2.8,34
2025-04-07,8,136,46.38,16.25,1064.75,0,1,0,52.97,453,5.0,54
2025-04-08,8,146,38.9,22.75,2261.64,1,0,0,35.9,206,2.7,73
2025-04-09,7,175,77.49,9.21,1077.12,1,0,0,75.99,463,3.4,46
2025-04-10,8,136,47.14,12.45,1395.91,1,0,0,39.7,279,1.4,55
2025-04-11,3,148,68.15,21.38,2567.38,0,1,0,60.61000000000001,150,2.8,43
2025-04-12,6,143,68.18,11.59,433.73,1,0,0,70.57000000000001,239,2.0,48
2025-04-13,1,155,89.92,17.66,1169.05,1,0,0,93.43,265,4.3,24
2025-04-14,7,127,63.88,5.56,4683.35,1,0,0,69.43,181,4.1,87
2025-04-15,1,178,55.19,17.99,2383.97,1,0,1,56.32,104,4.3,83
2025-04-16,9,105,22.5,25.85,2282.39,0,1,0,25.42,424,3.9,72
2025-04-17,1,160,20.42,26.06,171.38,1,1,0,10.690000000000001,432,4.3,73
2025-04-18,1,119,23.89,21.73,1312.26,1,1,0,17.130000000000003,400,1.8,92
2025-04-19,7,177,25.47,22.37,4344.83,0,1,0,35.17,496,2.8,95
2025-04-20,2,101,67.41,16.74,906.68,0,0,0,58.92999999999999,439,3.8,14
2025-04-21,5,172,76.69,17.54,2134.11,1,1,0,80.27,235,3.5,73
2025-04-22,8,136,57.7,4.01,170.22,0,0,1,51.22,172,3.9,50
2025-04-23,8,119,84.61,13.32,2443.84,1,1,1,88.94,157,1.9,91
2025-04-24,3,125,99.21,13.52,203.0,0,1,0,103.33,171,1.4,13
2025-04-25,7,128,83.8,28.75,4116.09,0,1,0,78.47999999999999,493,4.7,63
2025-04-26,3,100,72.54,12.93,4141.78,1,0,0,67.93,457,3.2,74
2025-04-27,6,134,57.92,16.48,3959.94,0,1,1,61.02,310,1.6,96
2025-04-28,6,169,50.4,16.0,1488.48,1,1,0,48.199999999999996,402,4.2,67
2025-04-29,3,158,17.6,19.1,4202.46,0,1,0,11.490000000000002,156,4.7,96
2025-04-30,7,168,45.94,22.45,2760.69,1,0,0,50.57,257,1.7,63
2025-05-01,3,132,91.91,6.75,1931.66,0,1,0,84.99,163,4.3,33
2025-05-02,8,150,82.72,15.86,3164.12,0,1,0,89.83,146,4.7,59
2025-05-03,4,177,29.44,24.78,160.47,0,0,0,29.73,390,4.8,38
2025-05-04,1,111,51.99,13.89,800.51,0,0,0,44.1,153,4.7,27
2025-05-05,4,119,83.51,8.35,3737.24,0,1,1,87.39,462,3.2,94
2025-05-06,7,152,16.06,19.64,1296.39,1,1,0,16.439999999999998,366,2.4,93
2025-05-07,4,187,44.87,24.71,3030.24,0,1,0,40.83,37,1.0,75
2025-05-08,6,142,86.67,1.89,1987.0,1,0,0,85.12,130,1.2,54
2025-05-09,9,197,46.35,23.3,4288.55,1,0,0,42.32,357,2.7,92
2025-05-10,1,188,16.99,24.65,4766.83,1,0,0,12.249999999999998,254,2.6,108
2025-05-11,5,149,58.83,13.85,4429.47,0,1,0,52.099999999999994,207,1.7,80
2025-05-12,7,128,87.56,29.5,1426.04,1,0,0,84.82000000000001,449,2.6,38
2025-05-13,1,156,63.13,23.6,1051.4,0,1,1,58.150000000000006,94,1.7,79
2025-05-14,4,138,30.37,23.21,2424.73,1,0,0,34.04,347,4.4,70
2025-05-15,6,194,44.58,22.44,135.94,1,0,0,48.26,326,2.2,53
2025-05-16,2,155,50.51,4.52,226.47,1,0,0,50.55,477,3.4,43
2025-05-17,5,142,62.13,6.52,2811.12,1,1,0,67.69,170,3.0,80
2025-05-18,1,149,78.34,13.92,2650.2,1,1,0,85.17,249,1.2,77
2025-05-19,6,122,18.9,7.92,4973.45,0,1,0,20.5,189,4.8,110
2025-05-20,6,143,90.07,12.46,1089.02,1,1,0,92.44999999999999,198,3.1,44
2025-05-21,4,137,11.11,26.65,1364.71,1,0,0,6.77,483,2.3,69
2025-05-22,8,183,43.3,24.73,656.35,0,1,1,51.199999999999996,220,1.6,86
2025-05-23,4,122,12.47,18.9,4595.96,0,0,0,2.950000000000001,23,2.4,81
2025-05-24,8,144,45.37,25.74,3911.28,0,1,0,42.339999999999996,243,1.1,76
2025-05-25,8,151,57.32,23.51,4129.46,1,1,0,61.76,422,2.5,87
2025-05-26,5,179,56.05,12.87,4523.54,1,0,0,47.65,323,3.1,86
2025-05-27,4,149,24.91,6.03,2672.01,1,0,0,18.57,127,4.5,84
2025-05-28,2,107,68.12,15.43,2310.85,1,1,0,69.91000000000001,92,3.7,74
2025-05-29,3,184,14.03,22.09,1718.92,1,1,0,15.229999999999999,299,1.4,97
2025-05-30,3,100,78.57,13.09,2987.15,1,0,0,83.35,132,1.6,62
2025-05-31,4,107,95.2,20.0,2325.96,0,0,0,101.45,54,2.7,30
2025-06-01,4,128,40.58,2.83,2312.67,0,0,0,33.15,476,1.8,63
2025-06-02,5,195,56.55,22.44,4690.95,1,0,0,46.919999999999995,157,1.1,82
2025-06-03,4,104,44.1,24.38,4921.75,1,0,1,47.89,28,4.2,117
2025-06-04,8,185,10.6,21.21,4002.77,1,1,0,6.629999999999999,409,1.1,123
2025-06-05,6,146,44.73,29.02,3808.11,1,1,0,47.25,210,4.3,86
2025-06-06,6,133,81.25,24.8,3434.73,1,1,0,74.26,153,1.6,74
2025-06-07,8,164,63.64,27.09,913.77,0,1,0,63.02,292,4.9,28
2025-06-08,7,154,19.11,28.01,389.62,0,0,1,19.2,474,3.4,73
2025-06-09,8,189,86.24,24.04,3484.56,1,0,0,87.94,221,3.9,48
2025-06-10,2,142,57.8,20.23,3671.05,0,0,0,58.059999999999995,114,1.4,59
2025-06-11,9,173,85.76,0.17,330.17,1,1,0,85.67,436,4.4,46
2025-06-12,1,129,62.22,13.97,4647.45,1,0,0,58.87,157,4.4,73
2025-06-13,8,181,60.37,17.13,546.59,1,0,0,51.79,258,3.6,43
2025-06-14,4,116,19.47,9.12,1500.91,0,1,0,11.259999999999998,250,3.0,65
2025-06-15,4,125,25.06,9.54,3394.71,0,1,0,23.74,121,3.9,80
2025-06-16,5,107,97.48,28.83,932.38,1,1,0,94.60000000000001,298,1.0,51
2025-06-17,8,146,30.56,26.75,371.54,0,0,0,30.88,262,3.4,39
2025-06-18,5,175,97.97,25.48,1722.62,0,0,0,94.07,380,4.4,15
2025-06-19,8,190,57.87,12.18,3853.26,1,1,0,61.629999999999995,48,2.4,95
2025-06-20,1,171,22.22,0.41,2127.03,0,1,0,29.5,376,1.4,76
2025-06-21,9,188,18.94,2.41,3299.57,0,0,0,14.920000000000002,328,2.7,75
2025-06-22,6,145,28.8,9.37,2940.13,1,1,0,22.66,296,3.9,91
2025-06-23,3,167,93.31,0.47,208.87,1,0,0,85.63,361,1.4,29
2025-06-24,8,132,47.27,0.51,4943.85,0,1,0,49.6,76,1.8,92
2025-06-25,9,100,45.59,27.5,303.0,1,1,0,44.470000000000006,462,1.6,55
2025-06-26,6,118,38.19,21.18,4842.23,0,1,0,31.949999999999996,437,4.2,89
2025-06-27,7,130,23.24,9.27,2794.33,1,0,0,26.299999999999997,126,1.3,91
2025-06-28,1,179,53.91,3.98,4819.48,1,0,0,46.879999999999995,196,3.7,97
2025-06-29,5,113,21.7,15.35,662.29,1,1,0,22.79,220,2.5,79
2025-06-30,5,152,85.19,0.16,2503.0,1,0,0,85.73,482,4.0,57
2025-07-01,4,147,43.34,28.15,930.57,0,1,0,48.02,90,4.9,45
2025-07-02,6,168,43.73,12.44,349.78,1,1,0,34.83,410,1.5,67
2025-07-03,7,189,52.66,12.07,3125.89,1,0,0,60.419999999999995,7,2.3,72
2025-07-04,9,161,49.97,11.72,1118.14,1,0,0,54.03,31,4.2,54
2025-07-05,1,191,99.54,2.08,2979.72,0,0,0,93.86000000000001,467,2.1,29
2025-07-06,6,165,59.08,19.15,650.59,0,0,0,52.75,319,1.9,33
2025-07-07,7,163,17.94,21.99,1726.73,1,1,0,16.57,393,4.3,80
2025-07-08,3,169,64.62,20.28,3930.0,1,0,0,70.97,268,4.9,61
2025-07-09,8,162,23.64,4.15,2241.55,1,0,0,30.5,190,3.2,74
2025-07-10,5,172,12.78,17.37,3175.95,1,1,0,13.19,348,2.1,111
2025-07-11,9,132,97.37,17.08,3272.54,1,1,0,104.59,162,2.6,60
2025-07-12,5,140,79.62,26.05,4234.4,1,1,1,69.73,60,1.7,108
2025-07-13,9,188,98.21,11.37,1692.12,0,1,0,88.91,437,4.0,26
2025-07-14,4,147,53.01,11.14,3467.75,1,0,0,61.25,263,4.1,77
2025-07-15,9,112,57.9,18.56,4811.92,1,0,0,63.41,284,4.5,91
2025-07-16,5,172,25.15,18.99,3678.19,1,1,0,24.16,94,1.1,109
2025-07-17,9,176,32.22,14.08,2500.37,1,1,0,37.29,40,3.2,82
2025-07-18,3,130,85.47,13.29,3190.52,1,0,0,94.58,413,1.9,66
2025-07-19,4,174,42.06,14.82,3724.45,1,0,0,47.5,469,2.4,91
2025-07-20,9,167,84.41,25.83,3100.15,0,0,1,91.25999999999999,148,4.1,59
2025-07-21,6,197,73.81,13.84,181.71,0,0,0,79.02,203,1.8,14
2025-07-22,2,103,25.95,28.2,1054.39,0,0,0,19.31,266,3.6,38
2025-07-23,7,118,55.67,15.12,4071.29,0,1,0,62.34,1,3.6,76
2025-07-24,2,169,70.96,28.48,1435.99,0,1,0,64.86,177,4.8,32
2025-07-25,2,197,31.15,24.98,3684.65,0,1,0,39.0,424,4.1,83
2025-07-26,1,181,84.76,10.87,1923.39,1,1,0,83.93,193,4.2,50
2025-07-27,3,112,59.03,25.91,2657.23,1,0,0,62.57,481,3.1,62
2025-07-28,6,122,24.87,3.3,433.07,1,1,0,24.810000000000002,386,1.7,82
2025-07-29,8,182,62.47,27.75,988.01,1,0,0,54.35,335,2.7,40
2025-07-30,9,174,99.97,18.95,4790.27,1,0,0,95.78,434,3.2,60
2025-07-31,7,100,23.55,1.63,4461.68,1,0,0,33.22,195,3.7,113
2025-08-01,4,187,83.51,19.33,3296.15,0,0,0,92.72,342,3.4,33
2025-08-02,6,153,28.66,29.23,2352.26,1,0,0,25.07,248,2.6,66
2025-08-03,5,170,80.41,2.09,3411.23,0,0,1,90.34,497,2.1,76
2025-08-04,8,188,76.11,16.64,3131.19,0,0,0,83.02,211,1.7,51
2025-08-05,1,184,37.04,22.43,2885.91,1,1,0,39.26,152,3.8,96
2025-08-06,1,114,39.32,24.31,389.97,1,0,1,30.12,157,3.6,78
2025-08-07,6,164,81.33,12.41,3200.73,1,1,0,89.36,465,3.7,65
2025-08-08,2,175,51.53,6.12,3867.71,1,1,0,52.68,361,2.5,108
2025-08-09,5,170,75.77,1.27,4971.0,1,0,0,83.14,138,2.0,83
2025-08-10,1,114,23.32,17.39,154.28,1,0,0,30.01,220,4.0,63
2025-08-11,7,120,86.73,13.59,3677.85,1,1,0,93.39,272,4.1,72
2025-08-12,1,118,73.98,28.46,2901.77,0,1,1,77.94,153,2.8,84
2025-08-13,4,159,91.62,1.82,2226.86,1,1,0,87.45,248,3.4,60
2025-08-14,9,192,21.91,20.56,725.09,1,1,0,18.63,278,2.5,72
2025-08-15,1,188,63.37,0.75,2104.52,0,0,0,59.54,439,3.8,47
2025-08-16,4,132,63.92,5.14,1836.45,1,0,0,54.32,435,4.3,50
2025-08-17,6,148,41.81,13.61,1583.87,1,0,0,43.46,303,3.8,63
2025-08-18,6,195,51.26,13.65,3681.31,0,1,0,55.239999999999995,275,3.1,73
2025-08-19,8,134,13.42,20.57,3533.56,1,0,0,20.5,492,2.8,105
2025-08-20,1,143,77.13,27.31,2986.2,1,1,0,69.92999999999999,1,3.6,71
2025-08-21,7,189,59.44,19.17,4699.46,1,0,0,60.32,87,3.7,90
2025-08-22,1,110,15.2,28.61,1814.29,1,1,0,5.359999999999999,286,3.2,98
2025-08-23,7,198,71.27,26.45,1294.63,1,0,0,63.169999999999995,410,3.5,39
2025-08-24,3,171,52.01,17.53,3313.93,1,0,0,43.089999999999996,129,1.4,71
2025-08-25,8,177,13.1,25.01,1074.19,0,1,0,17.61,77,4.8,58
2025-08-26,3,173,97.26,19.28,1643.55,1,1,0,88.88000000000001,259,4.2,37
2025-08-27,1,165,95.42,2.36,1200.55,1,1,1,99.75,240,2.5,89
2025-08-28,8,145,56.16,22.22,438.85,0,1,0,51.15,140,3.3,35
2025-08-29,3,108,18.43,2.85,4154.74,0,1,0,25.98,227,1.2,112
2025-08-30,2,102,77.92,17.82,1347.25,1,0,0,84.18,162,1.2,48
2025-08-31,1,184,54.27,21.08,2417.83,0,1,0,63.43000000000001,235,2.0,52
2025-09-01,3,125,37.22,2.0,312.24,1,0,0,44.9,127,3.8,58
2025-09-02,2,171,54.23,6.92,3526.76,1,0,0,62.9,199,4.4,75
2025-09-03,2,147,57.02,27.47,1719.75,0,0,0,64.19,449,3.2,42
2025-09-04,6,165,60.64,18.49,3749.21,1,0,0,64.51,389,3.1,69
2025-09-05,1,169,49.71,7.39,2120.77,1,0,0,43.120000000000005,30,2.6,58
2025-09-06,2,127,64.52,20.72,1059.2,0,1,0,59.949999999999996,137,1.6,37
2025-09-07,6,192,92.69,17.9,2614.56,0,1,0,86.94,491,1.5,37
2025-09-08,3,125,42.6,15.05,739.47,0,0,0,44.67,20,4.0,26
2025-09-09,4,124,75.31,29.29,2258.64,0,0,0,75.38,233,4.7,15
2025-09-10,1,111,90.5,20.5,1654.8,1,1,0,97.84,201,2.8,56
2025-09-11,8,104,51.04,11.26,4568.6,0,1,0,60.09,278,3.6,82
2025-09-12,7,197,49.91,24.0,398.55,0,0,1,48.01,130,4.7,44
2025-09-13,7,147,64.19,26.54,3500.69,0,1,0,64.32,415,1.4,73
2025-09-14,3,136,63.23,3.76,995.48,0,1,1,72.66,147,4.1,76
2025-09-15,3,178,82.59,6.02,1663.32,0,1,0,78.11,457,3.5,34
2025-09-16,2,143,52.88,6.49,2136.02,1,0,0,58.730000000000004,28,3.4,64
2025-09-17,1,199,99.65,20.74,4549.27,0,1,0,94.15,360,2.2,51
2025-09-18,7,114,15.35,18.09,1288.63,1,0,0,18.98,307,3.7,67
2025-09-19,7,142,10.29,18.57,547.41,0,0,0,5.359999999999999,370,4.2,44
2025-09-20,2,147,67.62,28.22,1661.58,0,0,0,75.29,429,1.5,32
2025-09-21,7,186,36.86,23.28,612.91,0,0,0,38.089999999999996,161,3.1,26
2025-09-22,8,169,31.63,3.84,730.12,0,0,1,25.349999999999998,356,1.4,84
2025-09-23,1,145,38.07,10.43,2911.87,0,1,0,32.56,339,4.5,72
2025-09-24,9,142,33.04,13.06,398.42,0,0,0,32.92,60,3.0,30
2025-09-25,7,120,12.77,11.88,251.56,0,0,0,22.0,124,4.2,46
2025-09-26,3,122,97.44,20.08,3600.63,0,0,0,102.83,455,2.5,42
